sdm,target,layer,r2_test
sdm-xlsr-fairseq,sdm-xlsr-fairseq,0,-0.008619769476354122
sdm-xlsr-fairseq,sdm-xlsr-fairseq,1,-0.18134720623493195
sdm-xlsr-fairseq,sdm-xlsr-fairseq,2,-0.20286421477794647
sdm-xlsr-fairseq,sdm-xlsr-fairseq,3,-0.25709450244903564
sdm-xlsr-fairseq,sdm-xlsr-fairseq,4,-0.3008962571620941
sdm-xlsr-fairseq,sdm-xlsr-fairseq,5,-0.3580305874347687
sdm-xlsr-fairseq,sdm-xlsr-fairseq,6,-0.30764099955558777
sdm-xlsr-fairseq,sdm-xlsr-fairseq,7,-0.23307521641254425
sdm-xlsr-fairseq,sdm-xlsr-fairseq,8,-0.1867438554763794
sdm-xlsr-fairseq,sdm-xlsr-fairseq,9,-0.16601917147636414
sdm-xlsr-fairseq,sdm-xlsr-fairseq,10,-0.11947719007730484
sdm-xlsr-fairseq,sdm-xlsr-fairseq,11,-0.08053430169820786
sdm-xlsr-fairseq,sdm-xlsr-fairseq,12,-0.10331452637910843
sdm-xlsr-fairseq,sdm-xlsr-fairseq,13,-0.06858949363231659
sdm-xlsr-fairseq,sdm-xlsr-fairseq,14,-0.099759042263031
sdm-xlsr-fairseq,sdm-xlsr-fairseq,15,-0.09769424796104431
sdm-xlsr-fairseq,sdm-xlsr-fairseq,16,-0.13263754546642303
sdm-xlsr-fairseq,sdm-xlsr-fairseq,17,-0.1504458636045456
sdm-xlsr-fairseq,sdm-xlsr-fairseq,18,-0.22179503738880157
sdm-xlsr-fairseq,sdm-xlsr-fairseq,19,-0.3027561604976654
sdm-xlsr-fairseq,sdm-xlsr-fairseq,20,-0.3503446877002716
sdm-xlsr-fairseq,sdm-xlsr-fairseq,21,-0.4227584898471832
sdm-xlsr-fairseq,sdm-xlsr-fairseq,22,-0.5407888293266296
sdm-xlsr-fairseq,sdm-xlsr-fairseq,23,-0.6807658076286316
sdm-xlsr-fairseq,sdm-xlsr-fairseq,24,0.23258765041828156
sdm-xlsr-fairseq,sdm-dvector,0,0.44374799728393555
sdm-xlsr-fairseq,sdm-dvector,1,0.41689980030059814
sdm-xlsr-fairseq,sdm-dvector,2,0.3963582515716553
sdm-xlsr-fairseq,sdm-dvector,3,0.3747963309288025
sdm-xlsr-fairseq,sdm-dvector,4,0.2870458960533142
sdm-xlsr-fairseq,sdm-dvector,5,0.15048572421073914
sdm-xlsr-fairseq,sdm-dvector,6,0.10604213923215866
sdm-xlsr-fairseq,sdm-dvector,7,0.07248926162719727
sdm-xlsr-fairseq,sdm-dvector,8,0.0007313638925552368
sdm-xlsr-fairseq,sdm-dvector,9,-0.043843917548656464
sdm-xlsr-fairseq,sdm-dvector,10,-0.051128875464200974
sdm-xlsr-fairseq,sdm-dvector,11,-0.09144854545593262
sdm-xlsr-fairseq,sdm-dvector,12,-0.14673855900764465
sdm-xlsr-fairseq,sdm-dvector,13,-0.17318376898765564
sdm-xlsr-fairseq,sdm-dvector,14,-0.16299322247505188
sdm-xlsr-fairseq,sdm-dvector,15,-0.18686574697494507
sdm-xlsr-fairseq,sdm-dvector,16,-0.2353489249944687
sdm-xlsr-fairseq,sdm-dvector,17,-0.2237195074558258
sdm-xlsr-fairseq,sdm-dvector,18,-0.1822766214609146
sdm-xlsr-fairseq,sdm-dvector,19,-0.1971997767686844
sdm-xlsr-fairseq,sdm-dvector,20,-0.1967252492904663
sdm-xlsr-fairseq,sdm-dvector,21,-0.2812633812427521
sdm-xlsr-fairseq,sdm-dvector,22,-0.3527796268463135
sdm-xlsr-fairseq,sdm-dvector,23,-0.4331452250480652
sdm-xlsr-fairseq,sdm-dvector,24,0.33068275451660156
sdm-xlsr-fairseq,sdm-mpm,0,0.13070237636566162
sdm-xlsr-fairseq,sdm-mpm,1,-0.10411272197961807
sdm-xlsr-fairseq,sdm-mpm,2,-0.12998534739017487
sdm-xlsr-fairseq,sdm-mpm,3,-0.2034793198108673
sdm-xlsr-fairseq,sdm-mpm,4,-0.2962034046649933
sdm-xlsr-fairseq,sdm-mpm,5,-0.37403470277786255
sdm-xlsr-fairseq,sdm-mpm,6,-0.38347572088241577
sdm-xlsr-fairseq,sdm-mpm,7,-0.34875795245170593
sdm-xlsr-fairseq,sdm-mpm,8,-0.437460333108902
sdm-xlsr-fairseq,sdm-mpm,9,-0.4460972547531128
sdm-xlsr-fairseq,sdm-mpm,10,-0.4298853278160095
sdm-xlsr-fairseq,sdm-mpm,11,-0.4348042607307434
sdm-xlsr-fairseq,sdm-mpm,12,-0.5084231495857239
sdm-xlsr-fairseq,sdm-mpm,13,-0.5270995497703552
sdm-xlsr-fairseq,sdm-mpm,14,-0.5303332805633545
sdm-xlsr-fairseq,sdm-mpm,15,-0.584302544593811
sdm-xlsr-fairseq,sdm-mpm,16,-0.5688619613647461
sdm-xlsr-fairseq,sdm-mpm,17,-0.5973455905914307
sdm-xlsr-fairseq,sdm-mpm,18,-0.5959522724151611
sdm-xlsr-fairseq,sdm-mpm,19,-0.6616647243499756
sdm-xlsr-fairseq,sdm-mpm,20,-0.6825664043426514
sdm-xlsr-fairseq,sdm-mpm,21,-0.7744655609130859
sdm-xlsr-fairseq,sdm-mpm,22,-0.80434250831604
sdm-xlsr-fairseq,sdm-mpm,23,-0.9102708101272583
sdm-xlsr-fairseq,sdm-mpm,24,0.29107028245925903
sdm-xlsr-fairseq,sdm-pitch,0,0.21530073881149292
sdm-xlsr-fairseq,sdm-pitch,1,0.01555544137954712
sdm-xlsr-fairseq,sdm-pitch,2,0.05944877862930298
sdm-xlsr-fairseq,sdm-pitch,3,-0.1513838768005371
sdm-xlsr-fairseq,sdm-pitch,4,-0.3485513925552368
sdm-xlsr-fairseq,sdm-pitch,5,-0.24209320545196533
sdm-xlsr-fairseq,sdm-pitch,6,-0.17579245567321777
sdm-xlsr-fairseq,sdm-pitch,7,0.031403303146362305
sdm-xlsr-fairseq,sdm-pitch,8,-0.301113486289978
sdm-xlsr-fairseq,sdm-pitch,9,-0.38821613788604736
sdm-xlsr-fairseq,sdm-pitch,10,-0.11917769908905029
sdm-xlsr-fairseq,sdm-pitch,11,-0.09033370018005371
sdm-xlsr-fairseq,sdm-pitch,12,-0.14558100700378418
sdm-xlsr-fairseq,sdm-pitch,13,-0.19308102130889893
sdm-xlsr-fairseq,sdm-pitch,14,-0.42408502101898193
sdm-xlsr-fairseq,sdm-pitch,15,-0.4063713550567627
sdm-xlsr-fairseq,sdm-pitch,16,-0.7412623167037964
sdm-xlsr-fairseq,sdm-pitch,17,-0.8215979337692261
sdm-xlsr-fairseq,sdm-pitch,18,-0.5607413053512573
sdm-xlsr-fairseq,sdm-pitch,19,-0.6959033012390137
sdm-xlsr-fairseq,sdm-pitch,20,-0.5544896125793457
sdm-xlsr-fairseq,sdm-pitch,21,-0.4591258764266968
sdm-xlsr-fairseq,sdm-pitch,22,-0.6309971809387207
sdm-xlsr-fairseq,sdm-pitch,23,-0.9560257196426392
sdm-xlsr-fairseq,sdm-pitch,24,0.4259184002876282
sdm-xlsr-fairseq,sdm-speaking-rate,0,1.0
sdm-xlsr-fairseq,sdm-speaking-rate,1,1.0
sdm-xlsr-fairseq,sdm-speaking-rate,2,1.0
sdm-xlsr-fairseq,sdm-speaking-rate,3,1.0
sdm-xlsr-fairseq,sdm-speaking-rate,4,1.0
sdm-xlsr-fairseq,sdm-speaking-rate,5,1.0
sdm-xlsr-fairseq,sdm-speaking-rate,6,1.0
sdm-xlsr-fairseq,sdm-speaking-rate,7,1.0
sdm-xlsr-fairseq,sdm-speaking-rate,8,1.0
sdm-xlsr-fairseq,sdm-speaking-rate,9,1.0
sdm-xlsr-fairseq,sdm-speaking-rate,10,1.0
sdm-xlsr-fairseq,sdm-speaking-rate,11,1.0
sdm-xlsr-fairseq,sdm-speaking-rate,12,1.0
sdm-xlsr-fairseq,sdm-speaking-rate,13,1.0
sdm-xlsr-fairseq,sdm-speaking-rate,14,1.0
sdm-xlsr-fairseq,sdm-speaking-rate,15,1.0
sdm-xlsr-fairseq,sdm-speaking-rate,16,1.0
sdm-xlsr-fairseq,sdm-speaking-rate,17,1.0
sdm-xlsr-fairseq,sdm-speaking-rate,18,1.0
sdm-xlsr-fairseq,sdm-speaking-rate,19,1.0
sdm-xlsr-fairseq,sdm-speaking-rate,20,1.0
sdm-xlsr-fairseq,sdm-speaking-rate,21,1.0
sdm-xlsr-fairseq,sdm-speaking-rate,22,1.0
sdm-xlsr-fairseq,sdm-speaking-rate,23,1.0
sdm-xlsr-fairseq,sdm-speaking-rate,24,1.0
sdm-xlsr-fairseq,sdm-mwhisper,0,-0.10047932714223862
sdm-xlsr-fairseq,sdm-mwhisper,1,-0.3469026982784271
sdm-xlsr-fairseq,sdm-mwhisper,2,-0.39823809266090393
sdm-xlsr-fairseq,sdm-mwhisper,3,-0.46528127789497375
sdm-xlsr-fairseq,sdm-mwhisper,4,-0.5438142418861389
sdm-xlsr-fairseq,sdm-mwhisper,5,-0.6282944679260254
sdm-xlsr-fairseq,sdm-mwhisper,6,-0.5803214907646179
sdm-xlsr-fairseq,sdm-mwhisper,7,-0.5190464854240417
sdm-xlsr-fairseq,sdm-mwhisper,8,-0.4985133409500122
sdm-xlsr-fairseq,sdm-mwhisper,9,-0.4243429899215698
sdm-xlsr-fairseq,sdm-mwhisper,10,-0.3944953382015228
sdm-xlsr-fairseq,sdm-mwhisper,11,-0.345182329416275
sdm-xlsr-fairseq,sdm-mwhisper,12,-0.3527168333530426
sdm-xlsr-fairseq,sdm-mwhisper,13,-0.33754777908325195
sdm-xlsr-fairseq,sdm-mwhisper,14,-0.3664010465145111
sdm-xlsr-fairseq,sdm-mwhisper,15,-0.3714214265346527
sdm-xlsr-fairseq,sdm-mwhisper,16,-0.4140433967113495
sdm-xlsr-fairseq,sdm-mwhisper,17,-0.4332735538482666
sdm-xlsr-fairseq,sdm-mwhisper,18,-0.526827871799469
sdm-xlsr-fairseq,sdm-mwhisper,19,-0.6055225133895874
sdm-xlsr-fairseq,sdm-mwhisper,20,-0.6644527316093445
sdm-xlsr-fairseq,sdm-mwhisper,21,-0.7728440165519714
sdm-xlsr-fairseq,sdm-mwhisper,22,-0.8875254988670349
sdm-xlsr-fairseq,sdm-mwhisper,23,-1.0323936939239502
sdm-xlsr-fairseq,sdm-mwhisper,24,0.15739929676055908
sdm-xlsr-fairseq,sdm-w2v2-asr,0,0.03982245922088623
sdm-xlsr-fairseq,sdm-w2v2-asr,1,-0.17284926772117615
sdm-xlsr-fairseq,sdm-w2v2-asr,2,-0.21928063035011292
sdm-xlsr-fairseq,sdm-w2v2-asr,3,-0.2101919949054718
sdm-xlsr-fairseq,sdm-w2v2-asr,4,-0.2602062225341797
sdm-xlsr-fairseq,sdm-w2v2-asr,5,-0.33779963850975037
sdm-xlsr-fairseq,sdm-w2v2-asr,6,-0.29604989290237427
sdm-xlsr-fairseq,sdm-w2v2-asr,7,-0.21708375215530396
sdm-xlsr-fairseq,sdm-w2v2-asr,8,-0.2612939178943634
sdm-xlsr-fairseq,sdm-w2v2-asr,9,-0.23337912559509277
sdm-xlsr-fairseq,sdm-w2v2-asr,10,-0.22280307114124298
sdm-xlsr-fairseq,sdm-w2v2-asr,11,-0.19549238681793213
sdm-xlsr-fairseq,sdm-w2v2-asr,12,-0.2391263246536255
sdm-xlsr-fairseq,sdm-w2v2-asr,13,-0.22226034104824066
sdm-xlsr-fairseq,sdm-w2v2-asr,14,-0.17131924629211426
sdm-xlsr-fairseq,sdm-w2v2-asr,15,-0.17645177245140076
sdm-xlsr-fairseq,sdm-w2v2-asr,16,-0.2257683277130127
sdm-xlsr-fairseq,sdm-w2v2-asr,17,-0.23270303010940552
sdm-xlsr-fairseq,sdm-w2v2-asr,18,-0.27681660652160645
sdm-xlsr-fairseq,sdm-w2v2-asr,19,-0.3024711608886719
sdm-xlsr-fairseq,sdm-w2v2-asr,20,-0.31649017333984375
sdm-xlsr-fairseq,sdm-w2v2-asr,21,-0.44963252544403076
sdm-xlsr-fairseq,sdm-w2v2-asr,22,-0.512067973613739
sdm-xlsr-fairseq,sdm-w2v2-asr,23,-0.6524892449378967
sdm-xlsr-fairseq,sdm-w2v2-asr,24,0.2659907937049866
sdm-xlsr-fairseq,sdm-emotion2vec,0,-0.20404954254627228
sdm-xlsr-fairseq,sdm-emotion2vec,1,-0.46326279640197754
sdm-xlsr-fairseq,sdm-emotion2vec,2,-0.5173459649085999
sdm-xlsr-fairseq,sdm-emotion2vec,3,-0.6004174947738647
sdm-xlsr-fairseq,sdm-emotion2vec,4,-0.6764089465141296
sdm-xlsr-fairseq,sdm-emotion2vec,5,-0.7838221192359924
sdm-xlsr-fairseq,sdm-emotion2vec,6,-0.7335017323493958
sdm-xlsr-fairseq,sdm-emotion2vec,7,-0.6552560925483704
sdm-xlsr-fairseq,sdm-emotion2vec,8,-0.6380358338356018
sdm-xlsr-fairseq,sdm-emotion2vec,9,-0.6079717874526978
sdm-xlsr-fairseq,sdm-emotion2vec,10,-0.5717080235481262
sdm-xlsr-fairseq,sdm-emotion2vec,11,-0.5154378414154053
sdm-xlsr-fairseq,sdm-emotion2vec,12,-0.5529899597167969
sdm-xlsr-fairseq,sdm-emotion2vec,13,-0.5049825310707092
sdm-xlsr-fairseq,sdm-emotion2vec,14,-0.5205274820327759
sdm-xlsr-fairseq,sdm-emotion2vec,15,-0.5109401345252991
sdm-xlsr-fairseq,sdm-emotion2vec,16,-0.5533396005630493
sdm-xlsr-fairseq,sdm-emotion2vec,17,-0.6079487204551697
sdm-xlsr-fairseq,sdm-emotion2vec,18,-0.698974609375
sdm-xlsr-fairseq,sdm-emotion2vec,19,-0.8036675453186035
sdm-xlsr-fairseq,sdm-emotion2vec,20,-0.849651038646698
sdm-xlsr-fairseq,sdm-emotion2vec,21,-0.9552769660949707
sdm-xlsr-fairseq,sdm-emotion2vec,22,-1.1061066389083862
sdm-xlsr-fairseq,sdm-emotion2vec,23,-1.2403428554534912
sdm-xlsr-fairseq,sdm-emotion2vec,24,0.0957149863243103
sdm-dvector,sdm-xlsr-fairseq,0,-0.008619769476354122
sdm-dvector,sdm-xlsr-fairseq,1,-0.18385227024555206
sdm-dvector,sdm-xlsr-fairseq,2,-0.205097958445549
sdm-dvector,sdm-xlsr-fairseq,3,-0.25775906443595886
sdm-dvector,sdm-xlsr-fairseq,4,-0.30395394563674927
sdm-dvector,sdm-xlsr-fairseq,5,-0.35720106959342957
sdm-dvector,sdm-xlsr-fairseq,6,-0.31091317534446716
sdm-dvector,sdm-xlsr-fairseq,7,-0.23837821185588837
sdm-dvector,sdm-xlsr-fairseq,8,-0.18882697820663452
sdm-dvector,sdm-xlsr-fairseq,9,-0.16529183089733124
sdm-dvector,sdm-xlsr-fairseq,10,-0.12060707807540894
sdm-dvector,sdm-xlsr-fairseq,11,-0.08197402954101562
sdm-dvector,sdm-xlsr-fairseq,12,-0.1070091500878334
sdm-dvector,sdm-xlsr-fairseq,13,-0.07417129725217819
sdm-dvector,sdm-xlsr-fairseq,14,-0.0962989404797554
sdm-dvector,sdm-xlsr-fairseq,15,-0.09439412504434586
sdm-dvector,sdm-xlsr-fairseq,16,-0.1225665807723999
sdm-dvector,sdm-xlsr-fairseq,17,-0.14417235553264618
sdm-dvector,sdm-xlsr-fairseq,18,-0.218467116355896
sdm-dvector,sdm-xlsr-fairseq,19,-0.2951003909111023
sdm-dvector,sdm-xlsr-fairseq,20,-0.3508114814758301
sdm-dvector,sdm-xlsr-fairseq,21,-0.4231790602207184
sdm-dvector,sdm-xlsr-fairseq,22,-0.5354538559913635
sdm-dvector,sdm-xlsr-fairseq,23,-0.6806392073631287
sdm-dvector,sdm-xlsr-fairseq,24,0.19918958842754364
sdm-dvector,sdm-dvector,0,0.44374799728393555
sdm-dvector,sdm-dvector,1,0.41657453775405884
sdm-dvector,sdm-dvector,2,0.3953808546066284
sdm-dvector,sdm-dvector,3,0.37442547082901
sdm-dvector,sdm-dvector,4,0.2880292534828186
sdm-dvector,sdm-dvector,5,0.15385399758815765
sdm-dvector,sdm-dvector,6,0.10361045598983765
sdm-dvector,sdm-dvector,7,0.06847637891769409
sdm-dvector,sdm-dvector,8,-0.006543885916471481
sdm-dvector,sdm-dvector,9,-0.04100453853607178
sdm-dvector,sdm-dvector,10,-0.05196298658847809
sdm-dvector,sdm-dvector,11,-0.08797462284564972
sdm-dvector,sdm-dvector,12,-0.15538111329078674
sdm-dvector,sdm-dvector,13,-0.18266630172729492
sdm-dvector,sdm-dvector,14,-0.16448195278644562
sdm-dvector,sdm-dvector,15,-0.18774060904979706
sdm-dvector,sdm-dvector,16,-0.23130634427070618
sdm-dvector,sdm-dvector,17,-0.21219956874847412
sdm-dvector,sdm-dvector,18,-0.18157628178596497
sdm-dvector,sdm-dvector,19,-0.19706201553344727
sdm-dvector,sdm-dvector,20,-0.19418522715568542
sdm-dvector,sdm-dvector,21,-0.2719874680042267
sdm-dvector,sdm-dvector,22,-0.3564029932022095
sdm-dvector,sdm-dvector,23,-0.4624122381210327
sdm-dvector,sdm-dvector,24,0.2891146242618561
sdm-dvector,sdm-mpm,0,0.13070237636566162
sdm-dvector,sdm-mpm,1,-0.10705618560314178
sdm-dvector,sdm-mpm,2,-0.13324984908103943
sdm-dvector,sdm-mpm,3,-0.20387065410614014
sdm-dvector,sdm-mpm,4,-0.29439777135849
sdm-dvector,sdm-mpm,5,-0.3739151954650879
sdm-dvector,sdm-mpm,6,-0.38498055934906006
sdm-dvector,sdm-mpm,7,-0.3570719361305237
sdm-dvector,sdm-mpm,8,-0.4410456418991089
sdm-dvector,sdm-mpm,9,-0.4540582299232483
sdm-dvector,sdm-mpm,10,-0.4223529100418091
sdm-dvector,sdm-mpm,11,-0.43874192237854004
sdm-dvector,sdm-mpm,12,-0.5112811923027039
sdm-dvector,sdm-mpm,13,-0.5369153022766113
sdm-dvector,sdm-mpm,14,-0.5372742414474487
sdm-dvector,sdm-mpm,15,-0.5660532712936401
sdm-dvector,sdm-mpm,16,-0.5851657390594482
sdm-dvector,sdm-mpm,17,-0.5973987579345703
sdm-dvector,sdm-mpm,18,-0.6118441224098206
sdm-dvector,sdm-mpm,19,-0.6728000640869141
sdm-dvector,sdm-mpm,20,-0.6991517543792725
sdm-dvector,sdm-mpm,21,-0.7751743793487549
sdm-dvector,sdm-mpm,22,-0.7947819828987122
sdm-dvector,sdm-mpm,23,-0.8841915130615234
sdm-dvector,sdm-mpm,24,0.2766452133655548
sdm-dvector,sdm-pitch,0,0.21530073881149292
sdm-dvector,sdm-pitch,1,0.016012191772460938
sdm-dvector,sdm-pitch,2,0.056583404541015625
sdm-dvector,sdm-pitch,3,-0.1437922716140747
sdm-dvector,sdm-pitch,4,-0.31271493434906006
sdm-dvector,sdm-pitch,5,-0.24844884872436523
sdm-dvector,sdm-pitch,6,-0.15864765644073486
sdm-dvector,sdm-pitch,7,0.012189686298370361
sdm-dvector,sdm-pitch,8,-0.3244978189468384
sdm-dvector,sdm-pitch,9,-0.3579946756362915
sdm-dvector,sdm-pitch,10,-0.15697979927062988
sdm-dvector,sdm-pitch,11,-0.08671379089355469
sdm-dvector,sdm-pitch,12,-0.1688934564590454
sdm-dvector,sdm-pitch,13,-0.27383923530578613
sdm-dvector,sdm-pitch,14,-0.5430417060852051
sdm-dvector,sdm-pitch,15,-0.3949493169784546
sdm-dvector,sdm-pitch,16,-0.7883056402206421
sdm-dvector,sdm-pitch,17,-0.7362172603607178
sdm-dvector,sdm-pitch,18,-0.6323666572570801
sdm-dvector,sdm-pitch,19,-0.7409454584121704
sdm-dvector,sdm-pitch,20,-0.6197372674942017
sdm-dvector,sdm-pitch,21,-0.5578118562698364
sdm-dvector,sdm-pitch,22,-0.716252326965332
sdm-dvector,sdm-pitch,23,-1.099181890487671
sdm-dvector,sdm-pitch,24,0.3518581986427307
sdm-dvector,sdm-speaking-rate,0,1.0
sdm-dvector,sdm-speaking-rate,1,1.0
sdm-dvector,sdm-speaking-rate,2,1.0
sdm-dvector,sdm-speaking-rate,3,1.0
sdm-dvector,sdm-speaking-rate,4,1.0
sdm-dvector,sdm-speaking-rate,5,1.0
sdm-dvector,sdm-speaking-rate,6,1.0
sdm-dvector,sdm-speaking-rate,7,1.0
sdm-dvector,sdm-speaking-rate,8,1.0
sdm-dvector,sdm-speaking-rate,9,1.0
sdm-dvector,sdm-speaking-rate,10,1.0
sdm-dvector,sdm-speaking-rate,11,1.0
sdm-dvector,sdm-speaking-rate,12,1.0
sdm-dvector,sdm-speaking-rate,13,1.0
sdm-dvector,sdm-speaking-rate,14,1.0
sdm-dvector,sdm-speaking-rate,15,1.0
sdm-dvector,sdm-speaking-rate,16,1.0
sdm-dvector,sdm-speaking-rate,17,1.0
sdm-dvector,sdm-speaking-rate,18,1.0
sdm-dvector,sdm-speaking-rate,19,1.0
sdm-dvector,sdm-speaking-rate,20,1.0
sdm-dvector,sdm-speaking-rate,21,1.0
sdm-dvector,sdm-speaking-rate,22,1.0
sdm-dvector,sdm-speaking-rate,23,1.0
sdm-dvector,sdm-speaking-rate,24,1.0
sdm-dvector,sdm-mwhisper,0,-0.10047932714223862
sdm-dvector,sdm-mwhisper,1,-0.35016846656799316
sdm-dvector,sdm-mwhisper,2,-0.40072134137153625
sdm-dvector,sdm-mwhisper,3,-0.4648331105709076
sdm-dvector,sdm-mwhisper,4,-0.5462509989738464
sdm-dvector,sdm-mwhisper,5,-0.6285163164138794
sdm-dvector,sdm-mwhisper,6,-0.5837242007255554
sdm-dvector,sdm-mwhisper,7,-0.5246627926826477
sdm-dvector,sdm-mwhisper,8,-0.5040022730827332
sdm-dvector,sdm-mwhisper,9,-0.4241615831851959
sdm-dvector,sdm-mwhisper,10,-0.398741751909256
sdm-dvector,sdm-mwhisper,11,-0.34687307476997375
sdm-dvector,sdm-mwhisper,12,-0.35333719849586487
sdm-dvector,sdm-mwhisper,13,-0.3418140411376953
sdm-dvector,sdm-mwhisper,14,-0.36573806405067444
sdm-dvector,sdm-mwhisper,15,-0.3649374544620514
sdm-dvector,sdm-mwhisper,16,-0.40533193945884705
sdm-dvector,sdm-mwhisper,17,-0.4309937655925751
sdm-dvector,sdm-mwhisper,18,-0.5210824012756348
sdm-dvector,sdm-mwhisper,19,-0.6012309193611145
sdm-dvector,sdm-mwhisper,20,-0.6614840626716614
sdm-dvector,sdm-mwhisper,21,-0.7746465802192688
sdm-dvector,sdm-mwhisper,22,-0.8846790194511414
sdm-dvector,sdm-mwhisper,23,-1.0435343980789185
sdm-dvector,sdm-mwhisper,24,0.13696403801441193
sdm-dvector,sdm-w2v2-asr,0,0.03982245922088623
sdm-dvector,sdm-w2v2-asr,1,-0.1750122606754303
sdm-dvector,sdm-w2v2-asr,2,-0.2207726687192917
sdm-dvector,sdm-w2v2-asr,3,-0.20808884501457214
sdm-dvector,sdm-w2v2-asr,4,-0.26137644052505493
sdm-dvector,sdm-w2v2-asr,5,-0.3342980742454529
sdm-dvector,sdm-w2v2-asr,6,-0.303927481174469
sdm-dvector,sdm-w2v2-asr,7,-0.22108915448188782
sdm-dvector,sdm-w2v2-asr,8,-0.2646836042404175
sdm-dvector,sdm-w2v2-asr,9,-0.23573271930217743
sdm-dvector,sdm-w2v2-asr,10,-0.22553294897079468
sdm-dvector,sdm-w2v2-asr,11,-0.1897488832473755
sdm-dvector,sdm-w2v2-asr,12,-0.22779011726379395
sdm-dvector,sdm-w2v2-asr,13,-0.21610671281814575
sdm-dvector,sdm-w2v2-asr,14,-0.16162502765655518
sdm-dvector,sdm-w2v2-asr,15,-0.16705812513828278
sdm-dvector,sdm-w2v2-asr,16,-0.2271183580160141
sdm-dvector,sdm-w2v2-asr,17,-0.22888486087322235
sdm-dvector,sdm-w2v2-asr,18,-0.27687740325927734
sdm-dvector,sdm-w2v2-asr,19,-0.3075644373893738
sdm-dvector,sdm-w2v2-asr,20,-0.33301395177841187
sdm-dvector,sdm-w2v2-asr,21,-0.4490232467651367
sdm-dvector,sdm-w2v2-asr,22,-0.5170465707778931
sdm-dvector,sdm-w2v2-asr,23,-0.6619186401367188
sdm-dvector,sdm-w2v2-asr,24,0.2276187688112259
sdm-dvector,sdm-emotion2vec,0,-0.20404954254627228
sdm-dvector,sdm-emotion2vec,1,-0.46656104922294617
sdm-dvector,sdm-emotion2vec,2,-0.519810140132904
sdm-dvector,sdm-emotion2vec,3,-0.5991653800010681
sdm-dvector,sdm-emotion2vec,4,-0.6753522753715515
sdm-dvector,sdm-emotion2vec,5,-0.7845640182495117
sdm-dvector,sdm-emotion2vec,6,-0.7329705357551575
sdm-dvector,sdm-emotion2vec,7,-0.6575245261192322
sdm-dvector,sdm-emotion2vec,8,-0.643076479434967
sdm-dvector,sdm-emotion2vec,9,-0.6092085242271423
sdm-dvector,sdm-emotion2vec,10,-0.5739932656288147
sdm-dvector,sdm-emotion2vec,11,-0.5152967572212219
sdm-dvector,sdm-emotion2vec,12,-0.5527432560920715
sdm-dvector,sdm-emotion2vec,13,-0.505269467830658
sdm-dvector,sdm-emotion2vec,14,-0.5219714045524597
sdm-dvector,sdm-emotion2vec,15,-0.5064578652381897
sdm-dvector,sdm-emotion2vec,16,-0.5507669448852539
sdm-dvector,sdm-emotion2vec,17,-0.6026985049247742
sdm-dvector,sdm-emotion2vec,18,-0.6950591206550598
sdm-dvector,sdm-emotion2vec,19,-0.799876868724823
sdm-dvector,sdm-emotion2vec,20,-0.845795214176178
sdm-dvector,sdm-emotion2vec,21,-0.9574918746948242
sdm-dvector,sdm-emotion2vec,22,-1.1088237762451172
sdm-dvector,sdm-emotion2vec,23,-1.2586721181869507
sdm-dvector,sdm-emotion2vec,24,0.08579593151807785
sdm-mpm,sdm-xlsr-fairseq,0,-0.008619769476354122
sdm-mpm,sdm-xlsr-fairseq,1,-0.1817747950553894
sdm-mpm,sdm-xlsr-fairseq,2,-0.20270974934101105
sdm-mpm,sdm-xlsr-fairseq,3,-0.2563701868057251
sdm-mpm,sdm-xlsr-fairseq,4,-0.2989359200000763
sdm-mpm,sdm-xlsr-fairseq,5,-0.3566986620426178
sdm-mpm,sdm-xlsr-fairseq,6,-0.3070131242275238
sdm-mpm,sdm-xlsr-fairseq,7,-0.23564831912517548
sdm-mpm,sdm-xlsr-fairseq,8,-0.18911369144916534
sdm-mpm,sdm-xlsr-fairseq,9,-0.1666196882724762
sdm-mpm,sdm-xlsr-fairseq,10,-0.12070202827453613
sdm-mpm,sdm-xlsr-fairseq,11,-0.08419144153594971
sdm-mpm,sdm-xlsr-fairseq,12,-0.10675233602523804
sdm-mpm,sdm-xlsr-fairseq,13,-0.07069631665945053
sdm-mpm,sdm-xlsr-fairseq,14,-0.09689304232597351
sdm-mpm,sdm-xlsr-fairseq,15,-0.0980929508805275
sdm-mpm,sdm-xlsr-fairseq,16,-0.1252104789018631
sdm-mpm,sdm-xlsr-fairseq,17,-0.14603857696056366
sdm-mpm,sdm-xlsr-fairseq,18,-0.21600204706192017
sdm-mpm,sdm-xlsr-fairseq,19,-0.29750490188598633
sdm-mpm,sdm-xlsr-fairseq,20,-0.34868934750556946
sdm-mpm,sdm-xlsr-fairseq,21,-0.42221662402153015
sdm-mpm,sdm-xlsr-fairseq,22,-0.5389640927314758
sdm-mpm,sdm-xlsr-fairseq,23,-0.6775843501091003
sdm-mpm,sdm-xlsr-fairseq,24,0.216730535030365
sdm-mpm,sdm-dvector,0,0.44374799728393555
sdm-mpm,sdm-dvector,1,0.416631281375885
sdm-mpm,sdm-dvector,2,0.39675143361091614
sdm-mpm,sdm-dvector,3,0.3755183219909668
sdm-mpm,sdm-dvector,4,0.28884750604629517
sdm-mpm,sdm-dvector,5,0.1572241485118866
sdm-mpm,sdm-dvector,6,0.10566912591457367
sdm-mpm,sdm-dvector,7,0.07205960899591446
sdm-mpm,sdm-dvector,8,-0.0021912921220064163
sdm-mpm,sdm-dvector,9,-0.04310610145330429
sdm-mpm,sdm-dvector,10,-0.05089274421334267
sdm-mpm,sdm-dvector,11,-0.07982578128576279
sdm-mpm,sdm-dvector,12,-0.15171486139297485
sdm-mpm,sdm-dvector,13,-0.17776229977607727
sdm-mpm,sdm-dvector,14,-0.16060423851013184
sdm-mpm,sdm-dvector,15,-0.18120723962783813
sdm-mpm,sdm-dvector,16,-0.23215633630752563
sdm-mpm,sdm-dvector,17,-0.22210055589675903
sdm-mpm,sdm-dvector,18,-0.1775214970111847
sdm-mpm,sdm-dvector,19,-0.19567453861236572
sdm-mpm,sdm-dvector,20,-0.18982750177383423
sdm-mpm,sdm-dvector,21,-0.2791479825973511
sdm-mpm,sdm-dvector,22,-0.3638678789138794
sdm-mpm,sdm-dvector,23,-0.43580737709999084
sdm-mpm,sdm-dvector,24,0.31158027052879333
sdm-mpm,sdm-mpm,0,0.13070237636566162
sdm-mpm,sdm-mpm,1,-0.10459104180335999
sdm-mpm,sdm-mpm,2,-0.1305348128080368
sdm-mpm,sdm-mpm,3,-0.1989661604166031
sdm-mpm,sdm-mpm,4,-0.2984486222267151
sdm-mpm,sdm-mpm,5,-0.37152767181396484
sdm-mpm,sdm-mpm,6,-0.38614511489868164
sdm-mpm,sdm-mpm,7,-0.34988224506378174
sdm-mpm,sdm-mpm,8,-0.4358327388763428
sdm-mpm,sdm-mpm,9,-0.44039565324783325
sdm-mpm,sdm-mpm,10,-0.4192497134208679
sdm-mpm,sdm-mpm,11,-0.4345334470272064
sdm-mpm,sdm-mpm,12,-0.504758358001709
sdm-mpm,sdm-mpm,13,-0.5298581719398499
sdm-mpm,sdm-mpm,14,-0.5349700450897217
sdm-mpm,sdm-mpm,15,-0.5789210796356201
sdm-mpm,sdm-mpm,16,-0.5841784477233887
sdm-mpm,sdm-mpm,17,-0.6012746691703796
sdm-mpm,sdm-mpm,18,-0.609035849571228
sdm-mpm,sdm-mpm,19,-0.6638751029968262
sdm-mpm,sdm-mpm,20,-0.6789669990539551
sdm-mpm,sdm-mpm,21,-0.7680155634880066
sdm-mpm,sdm-mpm,22,-0.7944250106811523
sdm-mpm,sdm-mpm,23,-0.8943873047828674
sdm-mpm,sdm-mpm,24,0.2861580550670624
sdm-mpm,sdm-pitch,0,0.21530073881149292
sdm-mpm,sdm-pitch,1,0.014846742153167725
sdm-mpm,sdm-pitch,2,0.05697977542877197
sdm-mpm,sdm-pitch,3,-0.13630783557891846
sdm-mpm,sdm-pitch,4,-0.33289384841918945
sdm-mpm,sdm-pitch,5,-0.2406686544418335
sdm-mpm,sdm-pitch,6,-0.16343390941619873
sdm-mpm,sdm-pitch,7,0.024369537830352783
sdm-mpm,sdm-pitch,8,-0.30236732959747314
sdm-mpm,sdm-pitch,9,-0.34709346294403076
sdm-mpm,sdm-pitch,10,-0.1375114917755127
sdm-mpm,sdm-pitch,11,-0.09786760807037354
sdm-mpm,sdm-pitch,12,-0.1902388334274292
sdm-mpm,sdm-pitch,13,-0.25315797328948975
sdm-mpm,sdm-pitch,14,-0.47813570499420166
sdm-mpm,sdm-pitch,15,-0.44022631645202637
sdm-mpm,sdm-pitch,16,-0.8056886196136475
sdm-mpm,sdm-pitch,17,-0.7956717014312744
sdm-mpm,sdm-pitch,18,-0.599090576171875
sdm-mpm,sdm-pitch,19,-0.6656568050384521
sdm-mpm,sdm-pitch,20,-0.5272754430770874
sdm-mpm,sdm-pitch,21,-0.40849435329437256
sdm-mpm,sdm-pitch,22,-0.6307297945022583
sdm-mpm,sdm-pitch,23,-0.9531533718109131
sdm-mpm,sdm-pitch,24,0.3989521265029907
sdm-mpm,sdm-speaking-rate,0,1.0
sdm-mpm,sdm-speaking-rate,1,1.0
sdm-mpm,sdm-speaking-rate,2,1.0
sdm-mpm,sdm-speaking-rate,3,1.0
sdm-mpm,sdm-speaking-rate,4,1.0
sdm-mpm,sdm-speaking-rate,5,1.0
sdm-mpm,sdm-speaking-rate,6,1.0
sdm-mpm,sdm-speaking-rate,7,1.0
sdm-mpm,sdm-speaking-rate,8,1.0
sdm-mpm,sdm-speaking-rate,9,1.0
sdm-mpm,sdm-speaking-rate,10,1.0
sdm-mpm,sdm-speaking-rate,11,1.0
sdm-mpm,sdm-speaking-rate,12,1.0
sdm-mpm,sdm-speaking-rate,13,1.0
sdm-mpm,sdm-speaking-rate,14,1.0
sdm-mpm,sdm-speaking-rate,15,1.0
sdm-mpm,sdm-speaking-rate,16,1.0
sdm-mpm,sdm-speaking-rate,17,1.0
sdm-mpm,sdm-speaking-rate,18,1.0
sdm-mpm,sdm-speaking-rate,19,1.0
sdm-mpm,sdm-speaking-rate,20,1.0
sdm-mpm,sdm-speaking-rate,21,1.0
sdm-mpm,sdm-speaking-rate,22,1.0
sdm-mpm,sdm-speaking-rate,23,1.0
sdm-mpm,sdm-speaking-rate,24,1.0
sdm-mpm,sdm-mwhisper,0,-0.10047932714223862
sdm-mpm,sdm-mwhisper,1,-0.3475174903869629
sdm-mpm,sdm-mwhisper,2,-0.3977011442184448
sdm-mpm,sdm-mwhisper,3,-0.4639681875705719
sdm-mpm,sdm-mwhisper,4,-0.543720543384552
sdm-mpm,sdm-mwhisper,5,-0.6273263096809387
sdm-mpm,sdm-mwhisper,6,-0.5810492038726807
sdm-mpm,sdm-mwhisper,7,-0.5221850275993347
sdm-mpm,sdm-mwhisper,8,-0.5009348392486572
sdm-mpm,sdm-mwhisper,9,-0.42622557282447815
sdm-mpm,sdm-mwhisper,10,-0.398630827665329
sdm-mpm,sdm-mwhisper,11,-0.3468961715698242
sdm-mpm,sdm-mwhisper,12,-0.3568900525569916
sdm-mpm,sdm-mwhisper,13,-0.33958664536476135
sdm-mpm,sdm-mwhisper,14,-0.3669644892215729
sdm-mpm,sdm-mwhisper,15,-0.37042132019996643
sdm-mpm,sdm-mwhisper,16,-0.4112369120121002
sdm-mpm,sdm-mwhisper,17,-0.43376991152763367
sdm-mpm,sdm-mwhisper,18,-0.5225183963775635
sdm-mpm,sdm-mwhisper,19,-0.602708637714386
sdm-mpm,sdm-mwhisper,20,-0.6586389541625977
sdm-mpm,sdm-mwhisper,21,-0.7766928672790527
sdm-mpm,sdm-mwhisper,22,-0.8849208950996399
sdm-mpm,sdm-mwhisper,23,-1.0304969549179077
sdm-mpm,sdm-mwhisper,24,0.14766854047775269
sdm-mpm,sdm-w2v2-asr,0,0.03982245922088623
sdm-mpm,sdm-w2v2-asr,1,-0.17357954382896423
sdm-mpm,sdm-w2v2-asr,2,-0.21624703705310822
sdm-mpm,sdm-w2v2-asr,3,-0.20802079141139984
sdm-mpm,sdm-w2v2-asr,4,-0.26269659399986267
sdm-mpm,sdm-w2v2-asr,5,-0.3319365978240967
sdm-mpm,sdm-w2v2-asr,6,-0.29583680629730225
sdm-mpm,sdm-w2v2-asr,7,-0.21466070413589478
sdm-mpm,sdm-w2v2-asr,8,-0.25835365056991577
sdm-mpm,sdm-w2v2-asr,9,-0.23473647236824036
sdm-mpm,sdm-w2v2-asr,10,-0.22467920184135437
sdm-mpm,sdm-w2v2-asr,11,-0.18864506483078003
sdm-mpm,sdm-w2v2-asr,12,-0.23345662653446198
sdm-mpm,sdm-w2v2-asr,13,-0.21900129318237305
sdm-mpm,sdm-w2v2-asr,14,-0.1660134345293045
sdm-mpm,sdm-w2v2-asr,15,-0.17488180100917816
sdm-mpm,sdm-w2v2-asr,16,-0.2300908863544464
sdm-mpm,sdm-w2v2-asr,17,-0.23381638526916504
sdm-mpm,sdm-w2v2-asr,18,-0.2844793498516083
sdm-mpm,sdm-w2v2-asr,19,-0.3067420721054077
sdm-mpm,sdm-w2v2-asr,20,-0.3283382058143616
sdm-mpm,sdm-w2v2-asr,21,-0.44720548391342163
sdm-mpm,sdm-w2v2-asr,22,-0.5102692246437073
sdm-mpm,sdm-w2v2-asr,23,-0.6681185960769653
sdm-mpm,sdm-w2v2-asr,24,0.24839836359024048
sdm-mpm,sdm-emotion2vec,0,-0.20404954254627228
sdm-mpm,sdm-emotion2vec,1,-0.4637414515018463
sdm-mpm,sdm-emotion2vec,2,-0.5175296664237976
sdm-mpm,sdm-emotion2vec,3,-0.5983791947364807
sdm-mpm,sdm-emotion2vec,4,-0.6729905605316162
sdm-mpm,sdm-emotion2vec,5,-0.7803971767425537
sdm-mpm,sdm-emotion2vec,6,-0.7303332686424255
sdm-mpm,sdm-emotion2vec,7,-0.6567764282226562
sdm-mpm,sdm-emotion2vec,8,-0.6413976550102234
sdm-mpm,sdm-emotion2vec,9,-0.6058939695358276
sdm-mpm,sdm-emotion2vec,10,-0.571615993976593
sdm-mpm,sdm-emotion2vec,11,-0.5187958478927612
sdm-mpm,sdm-emotion2vec,12,-0.5551721453666687
sdm-mpm,sdm-emotion2vec,13,-0.5079343914985657
sdm-mpm,sdm-emotion2vec,14,-0.522609531879425
sdm-mpm,sdm-emotion2vec,15,-0.5106790661811829
sdm-mpm,sdm-emotion2vec,16,-0.5519735813140869
sdm-mpm,sdm-emotion2vec,17,-0.5998534560203552
sdm-mpm,sdm-emotion2vec,18,-0.6921176910400391
sdm-mpm,sdm-emotion2vec,19,-0.7999122738838196
sdm-mpm,sdm-emotion2vec,20,-0.8424644470214844
sdm-mpm,sdm-emotion2vec,21,-0.9541470408439636
sdm-mpm,sdm-emotion2vec,22,-1.1032758951187134
sdm-mpm,sdm-emotion2vec,23,-1.2450858354568481
sdm-mpm,sdm-emotion2vec,24,0.09202245622873306
sdm-pitch,sdm-xlsr-fairseq,0,-0.008619769476354122
sdm-pitch,sdm-xlsr-fairseq,1,-0.18171316385269165
sdm-pitch,sdm-xlsr-fairseq,2,-0.20385245978832245
sdm-pitch,sdm-xlsr-fairseq,3,-0.2570081055164337
sdm-pitch,sdm-xlsr-fairseq,4,-0.30090197920799255
sdm-pitch,sdm-xlsr-fairseq,5,-0.3575555384159088
sdm-pitch,sdm-xlsr-fairseq,6,-0.30683448910713196
sdm-pitch,sdm-xlsr-fairseq,7,-0.23589558899402618
sdm-pitch,sdm-xlsr-fairseq,8,-0.19172239303588867
sdm-pitch,sdm-xlsr-fairseq,9,-0.16635535657405853
sdm-pitch,sdm-xlsr-fairseq,10,-0.1183210238814354
sdm-pitch,sdm-xlsr-fairseq,11,-0.0833868756890297
sdm-pitch,sdm-xlsr-fairseq,12,-0.10941091924905777
sdm-pitch,sdm-xlsr-fairseq,13,-0.0740685686469078
sdm-pitch,sdm-xlsr-fairseq,14,-0.09713345021009445
sdm-pitch,sdm-xlsr-fairseq,15,-0.09452376514673233
sdm-pitch,sdm-xlsr-fairseq,16,-0.12548081576824188
sdm-pitch,sdm-xlsr-fairseq,17,-0.14569050073623657
sdm-pitch,sdm-xlsr-fairseq,18,-0.2187129259109497
sdm-pitch,sdm-xlsr-fairseq,19,-0.2937544286251068
sdm-pitch,sdm-xlsr-fairseq,20,-0.3512924611568451
sdm-pitch,sdm-xlsr-fairseq,21,-0.42449069023132324
sdm-pitch,sdm-xlsr-fairseq,22,-0.5391315817832947
sdm-pitch,sdm-xlsr-fairseq,23,-0.6717435717582703
sdm-pitch,sdm-xlsr-fairseq,24,0.20090055465698242
sdm-pitch,sdm-dvector,0,0.44374799728393555
sdm-pitch,sdm-dvector,1,0.4170107841491699
sdm-pitch,sdm-dvector,2,0.3945915699005127
sdm-pitch,sdm-dvector,3,0.3743855953216553
sdm-pitch,sdm-dvector,4,0.2862773537635803
sdm-pitch,sdm-dvector,5,0.1509784460067749
sdm-pitch,sdm-dvector,6,0.10601736605167389
sdm-pitch,sdm-dvector,7,0.06907583028078079
sdm-pitch,sdm-dvector,8,-0.001011611893773079
sdm-pitch,sdm-dvector,9,-0.04664613679051399
sdm-pitch,sdm-dvector,10,-0.048665851354599
sdm-pitch,sdm-dvector,11,-0.08671508729457855
sdm-pitch,sdm-dvector,12,-0.14720818400382996
sdm-pitch,sdm-dvector,13,-0.17222577333450317
sdm-pitch,sdm-dvector,14,-0.1659489870071411
sdm-pitch,sdm-dvector,15,-0.1851189285516739
sdm-pitch,sdm-dvector,16,-0.23705419898033142
sdm-pitch,sdm-dvector,17,-0.22308093309402466
sdm-pitch,sdm-dvector,18,-0.18054884672164917
sdm-pitch,sdm-dvector,19,-0.197513610124588
sdm-pitch,sdm-dvector,20,-0.18389704823493958
sdm-pitch,sdm-dvector,21,-0.2788121700286865
sdm-pitch,sdm-dvector,22,-0.3539503216743469
sdm-pitch,sdm-dvector,23,-0.45024004578590393
sdm-pitch,sdm-dvector,24,0.2904725670814514
sdm-pitch,sdm-mpm,0,0.13070237636566162
sdm-pitch,sdm-mpm,1,-0.10458150506019592
sdm-pitch,sdm-mpm,2,-0.13238045573234558
sdm-pitch,sdm-mpm,3,-0.20061466097831726
sdm-pitch,sdm-mpm,4,-0.295588880777359
sdm-pitch,sdm-mpm,5,-0.3757438659667969
sdm-pitch,sdm-mpm,6,-0.38809734582901
sdm-pitch,sdm-mpm,7,-0.3575763702392578
sdm-pitch,sdm-mpm,8,-0.43599897623062134
sdm-pitch,sdm-mpm,9,-0.4445847272872925
sdm-pitch,sdm-mpm,10,-0.4191853106021881
sdm-pitch,sdm-mpm,11,-0.42028194665908813
sdm-pitch,sdm-mpm,12,-0.49922698736190796
sdm-pitch,sdm-mpm,13,-0.5268174409866333
sdm-pitch,sdm-mpm,14,-0.5366552472114563
sdm-pitch,sdm-mpm,15,-0.5791727304458618
sdm-pitch,sdm-mpm,16,-0.5765233039855957
sdm-pitch,sdm-mpm,17,-0.5837469100952148
sdm-pitch,sdm-mpm,18,-0.5927076935768127
sdm-pitch,sdm-mpm,19,-0.6548972129821777
sdm-pitch,sdm-mpm,20,-0.6863481998443604
sdm-pitch,sdm-mpm,21,-0.7462370991706848
sdm-pitch,sdm-mpm,22,-0.8005116581916809
sdm-pitch,sdm-mpm,23,-0.88444584608078
sdm-pitch,sdm-mpm,24,0.27902522683143616
sdm-pitch,sdm-pitch,0,0.21530073881149292
sdm-pitch,sdm-pitch,1,0.01795297861099243
sdm-pitch,sdm-pitch,2,0.06140124797821045
sdm-pitch,sdm-pitch,3,-0.16652452945709229
sdm-pitch,sdm-pitch,4,-0.36929428577423096
sdm-pitch,sdm-pitch,5,-0.23604214191436768
sdm-pitch,sdm-pitch,6,-0.19690847396850586
sdm-pitch,sdm-pitch,7,0.00951606035232544
sdm-pitch,sdm-pitch,8,-0.2958693504333496
sdm-pitch,sdm-pitch,9,-0.3264491558074951
sdm-pitch,sdm-pitch,10,-0.12161946296691895
sdm-pitch,sdm-pitch,11,-0.0679086446762085
sdm-pitch,sdm-pitch,12,-0.10137653350830078
sdm-pitch,sdm-pitch,13,-0.23793566226959229
sdm-pitch,sdm-pitch,14,-0.45701003074645996
sdm-pitch,sdm-pitch,15,-0.42769432067871094
sdm-pitch,sdm-pitch,16,-0.7724711894989014
sdm-pitch,sdm-pitch,17,-0.7937240600585938
sdm-pitch,sdm-pitch,18,-0.6295479536056519
sdm-pitch,sdm-pitch,19,-0.679755449295044
sdm-pitch,sdm-pitch,20,-0.5045442581176758
sdm-pitch,sdm-pitch,21,-0.46216046810150146
sdm-pitch,sdm-pitch,22,-0.6574785709381104
sdm-pitch,sdm-pitch,23,-1.0248689651489258
sdm-pitch,sdm-pitch,24,0.3579772114753723
sdm-pitch,sdm-speaking-rate,0,1.0
sdm-pitch,sdm-speaking-rate,1,1.0
sdm-pitch,sdm-speaking-rate,2,1.0
sdm-pitch,sdm-speaking-rate,3,1.0
sdm-pitch,sdm-speaking-rate,4,1.0
sdm-pitch,sdm-speaking-rate,5,1.0
sdm-pitch,sdm-speaking-rate,6,1.0
sdm-pitch,sdm-speaking-rate,7,1.0
sdm-pitch,sdm-speaking-rate,8,1.0
sdm-pitch,sdm-speaking-rate,9,1.0
sdm-pitch,sdm-speaking-rate,10,1.0
sdm-pitch,sdm-speaking-rate,11,1.0
sdm-pitch,sdm-speaking-rate,12,1.0
sdm-pitch,sdm-speaking-rate,13,1.0
sdm-pitch,sdm-speaking-rate,14,1.0
sdm-pitch,sdm-speaking-rate,15,1.0
sdm-pitch,sdm-speaking-rate,16,1.0
sdm-pitch,sdm-speaking-rate,17,1.0
sdm-pitch,sdm-speaking-rate,18,1.0
sdm-pitch,sdm-speaking-rate,19,1.0
sdm-pitch,sdm-speaking-rate,20,1.0
sdm-pitch,sdm-speaking-rate,21,1.0
sdm-pitch,sdm-speaking-rate,22,1.0
sdm-pitch,sdm-speaking-rate,23,1.0
sdm-pitch,sdm-speaking-rate,24,1.0
sdm-pitch,sdm-mwhisper,0,-0.10047932714223862
sdm-pitch,sdm-mwhisper,1,-0.34702444076538086
sdm-pitch,sdm-mwhisper,2,-0.3984944820404053
sdm-pitch,sdm-mwhisper,3,-0.4663572311401367
sdm-pitch,sdm-mwhisper,4,-0.5444182753562927
sdm-pitch,sdm-mwhisper,5,-0.6299296021461487
sdm-pitch,sdm-mwhisper,6,-0.5849131941795349
sdm-pitch,sdm-mwhisper,7,-0.5210415720939636
sdm-pitch,sdm-mwhisper,8,-0.5034440159797668
sdm-pitch,sdm-mwhisper,9,-0.42825043201446533
sdm-pitch,sdm-mwhisper,10,-0.39609161019325256
sdm-pitch,sdm-mwhisper,11,-0.34176960587501526
sdm-pitch,sdm-mwhisper,12,-0.35642126202583313
sdm-pitch,sdm-mwhisper,13,-0.34057605266571045
sdm-pitch,sdm-mwhisper,14,-0.3664034605026245
sdm-pitch,sdm-mwhisper,15,-0.36667609214782715
sdm-pitch,sdm-mwhisper,16,-0.4071462154388428
sdm-pitch,sdm-mwhisper,17,-0.4279921054840088
sdm-pitch,sdm-mwhisper,18,-0.5210938453674316
sdm-pitch,sdm-mwhisper,19,-0.5948936343193054
sdm-pitch,sdm-mwhisper,20,-0.6649324297904968
sdm-pitch,sdm-mwhisper,21,-0.7709803581237793
sdm-pitch,sdm-mwhisper,22,-0.8844728469848633
sdm-pitch,sdm-mwhisper,23,-1.0314512252807617
sdm-pitch,sdm-mwhisper,24,0.1379575878381729
sdm-pitch,sdm-w2v2-asr,0,0.03982245922088623
sdm-pitch,sdm-w2v2-asr,1,-0.1737702339887619
sdm-pitch,sdm-w2v2-asr,2,-0.2181134819984436
sdm-pitch,sdm-w2v2-asr,3,-0.2064741551876068
sdm-pitch,sdm-w2v2-asr,4,-0.26331013441085815
sdm-pitch,sdm-w2v2-asr,5,-0.34089136123657227
sdm-pitch,sdm-w2v2-asr,6,-0.294355571269989
sdm-pitch,sdm-w2v2-asr,7,-0.21618705987930298
sdm-pitch,sdm-w2v2-asr,8,-0.26328685879707336
sdm-pitch,sdm-w2v2-asr,9,-0.23542004823684692
sdm-pitch,sdm-w2v2-asr,10,-0.21970854699611664
sdm-pitch,sdm-w2v2-asr,11,-0.19526836276054382
sdm-pitch,sdm-w2v2-asr,12,-0.23253929615020752
sdm-pitch,sdm-w2v2-asr,13,-0.22174058854579926
sdm-pitch,sdm-w2v2-asr,14,-0.16566896438598633
sdm-pitch,sdm-w2v2-asr,15,-0.16982389986515045
sdm-pitch,sdm-w2v2-asr,16,-0.235677570104599
sdm-pitch,sdm-w2v2-asr,17,-0.24139165878295898
sdm-pitch,sdm-w2v2-asr,18,-0.2890041172504425
sdm-pitch,sdm-w2v2-asr,19,-0.3022933304309845
sdm-pitch,sdm-w2v2-asr,20,-0.3325174152851105
sdm-pitch,sdm-w2v2-asr,21,-0.4412071108818054
sdm-pitch,sdm-w2v2-asr,22,-0.5028443932533264
sdm-pitch,sdm-w2v2-asr,23,-0.6529495716094971
sdm-pitch,sdm-w2v2-asr,24,0.2299150824546814
sdm-pitch,sdm-emotion2vec,0,-0.20404954254627228
sdm-pitch,sdm-emotion2vec,1,-0.46337148547172546
sdm-pitch,sdm-emotion2vec,2,-0.5189831852912903
sdm-pitch,sdm-emotion2vec,3,-0.5998135209083557
sdm-pitch,sdm-emotion2vec,4,-0.6752353310585022
sdm-pitch,sdm-emotion2vec,5,-0.7823162078857422
sdm-pitch,sdm-emotion2vec,6,-0.7340318560600281
sdm-pitch,sdm-emotion2vec,7,-0.6560149192810059
sdm-pitch,sdm-emotion2vec,8,-0.6415727734565735
sdm-pitch,sdm-emotion2vec,9,-0.6059035658836365
sdm-pitch,sdm-emotion2vec,10,-0.5719470977783203
sdm-pitch,sdm-emotion2vec,11,-0.5158054828643799
sdm-pitch,sdm-emotion2vec,12,-0.5556496977806091
sdm-pitch,sdm-emotion2vec,13,-0.5043078064918518
sdm-pitch,sdm-emotion2vec,14,-0.5216577649116516
sdm-pitch,sdm-emotion2vec,15,-0.507884681224823
sdm-pitch,sdm-emotion2vec,16,-0.5543339252471924
sdm-pitch,sdm-emotion2vec,17,-0.6021897792816162
sdm-pitch,sdm-emotion2vec,18,-0.6957308650016785
sdm-pitch,sdm-emotion2vec,19,-0.796410083770752
sdm-pitch,sdm-emotion2vec,20,-0.8450587391853333
sdm-pitch,sdm-emotion2vec,21,-0.949794590473175
sdm-pitch,sdm-emotion2vec,22,-1.0957192182540894
sdm-pitch,sdm-emotion2vec,23,-1.2381802797317505
sdm-pitch,sdm-emotion2vec,24,0.0862785279750824
sdm-speaking-rate,sdm-xlsr-fairseq,0,-0.008619769476354122
sdm-speaking-rate,sdm-xlsr-fairseq,1,-0.18329443037509918
sdm-speaking-rate,sdm-xlsr-fairseq,2,-0.20141839981079102
sdm-speaking-rate,sdm-xlsr-fairseq,3,-0.25714460015296936
sdm-speaking-rate,sdm-xlsr-fairseq,4,-0.2997520864009857
sdm-speaking-rate,sdm-xlsr-fairseq,5,-0.35464152693748474
sdm-speaking-rate,sdm-xlsr-fairseq,6,-0.3120347261428833
sdm-speaking-rate,sdm-xlsr-fairseq,7,-0.23619239032268524
sdm-speaking-rate,sdm-xlsr-fairseq,8,-0.1872282177209854
sdm-speaking-rate,sdm-xlsr-fairseq,9,-0.1681801825761795
sdm-speaking-rate,sdm-xlsr-fairseq,10,-0.11972519010305405
sdm-speaking-rate,sdm-xlsr-fairseq,11,-0.07147970795631409
sdm-speaking-rate,sdm-xlsr-fairseq,12,-0.09663412719964981
sdm-speaking-rate,sdm-xlsr-fairseq,13,-0.07123350352048874
sdm-speaking-rate,sdm-xlsr-fairseq,14,-0.09802307933568954
sdm-speaking-rate,sdm-xlsr-fairseq,15,-0.09907281398773193
sdm-speaking-rate,sdm-xlsr-fairseq,16,-0.12220833450555801
sdm-speaking-rate,sdm-xlsr-fairseq,17,-0.14163704216480255
sdm-speaking-rate,sdm-xlsr-fairseq,18,-0.22284887731075287
sdm-speaking-rate,sdm-xlsr-fairseq,19,-0.2901294529438019
sdm-speaking-rate,sdm-xlsr-fairseq,20,-0.3464319705963135
sdm-speaking-rate,sdm-xlsr-fairseq,21,-0.425081729888916
sdm-speaking-rate,sdm-xlsr-fairseq,22,-0.5391917824745178
sdm-speaking-rate,sdm-xlsr-fairseq,23,-0.6599317193031311
sdm-speaking-rate,sdm-xlsr-fairseq,24,0.1985642910003662
sdm-speaking-rate,sdm-dvector,0,0.44374799728393555
sdm-speaking-rate,sdm-dvector,1,0.4165988862514496
sdm-speaking-rate,sdm-dvector,2,0.3968312740325928
sdm-speaking-rate,sdm-dvector,3,0.37539130449295044
sdm-speaking-rate,sdm-dvector,4,0.2842214107513428
sdm-speaking-rate,sdm-dvector,5,0.15326380729675293
sdm-speaking-rate,sdm-dvector,6,0.10176029056310654
sdm-speaking-rate,sdm-dvector,7,0.07316955924034119
sdm-speaking-rate,sdm-dvector,8,0.0013362690806388855
sdm-speaking-rate,sdm-dvector,9,-0.047002360224723816
sdm-speaking-rate,sdm-dvector,10,-0.05835577845573425
sdm-speaking-rate,sdm-dvector,11,-0.0801408439874649
sdm-speaking-rate,sdm-dvector,12,-0.13662034273147583
sdm-speaking-rate,sdm-dvector,13,-0.17422692477703094
sdm-speaking-rate,sdm-dvector,14,-0.1637011468410492
sdm-speaking-rate,sdm-dvector,15,-0.1830519586801529
sdm-speaking-rate,sdm-dvector,16,-0.2316347360610962
sdm-speaking-rate,sdm-dvector,17,-0.19007360935211182
sdm-speaking-rate,sdm-dvector,18,-0.17107588052749634
sdm-speaking-rate,sdm-dvector,19,-0.18484213948249817
sdm-speaking-rate,sdm-dvector,20,-0.18359620869159698
sdm-speaking-rate,sdm-dvector,21,-0.26466530561447144
sdm-speaking-rate,sdm-dvector,22,-0.3567095696926117
sdm-speaking-rate,sdm-dvector,23,-0.45002779364585876
sdm-speaking-rate,sdm-dvector,24,0.28763604164123535
sdm-speaking-rate,sdm-mpm,0,0.13070237636566162
sdm-speaking-rate,sdm-mpm,1,-0.1076309084892273
sdm-speaking-rate,sdm-mpm,2,-0.13118910789489746
sdm-speaking-rate,sdm-mpm,3,-0.20251718163490295
sdm-speaking-rate,sdm-mpm,4,-0.29506659507751465
sdm-speaking-rate,sdm-mpm,5,-0.36934977769851685
sdm-speaking-rate,sdm-mpm,6,-0.38048428297042847
sdm-speaking-rate,sdm-mpm,7,-0.34729862213134766
sdm-speaking-rate,sdm-mpm,8,-0.4174357056617737
sdm-speaking-rate,sdm-mpm,9,-0.4537108838558197
sdm-speaking-rate,sdm-mpm,10,-0.41075342893600464
sdm-speaking-rate,sdm-mpm,11,-0.4321148991584778
sdm-speaking-rate,sdm-mpm,12,-0.5085768103599548
sdm-speaking-rate,sdm-mpm,13,-0.5348074436187744
sdm-speaking-rate,sdm-mpm,14,-0.54712975025177
sdm-speaking-rate,sdm-mpm,15,-0.56798255443573
sdm-speaking-rate,sdm-mpm,16,-0.5470432043075562
sdm-speaking-rate,sdm-mpm,17,-0.6117209196090698
sdm-speaking-rate,sdm-mpm,18,-0.6078770160675049
sdm-speaking-rate,sdm-mpm,19,-0.6633583307266235
sdm-speaking-rate,sdm-mpm,20,-0.6785054206848145
sdm-speaking-rate,sdm-mpm,21,-0.7957597970962524
sdm-speaking-rate,sdm-mpm,22,-0.8253000974655151
sdm-speaking-rate,sdm-mpm,23,-0.92036372423172
sdm-speaking-rate,sdm-mpm,24,0.2729583978652954
sdm-speaking-rate,sdm-pitch,0,0.21530073881149292
sdm-speaking-rate,sdm-pitch,1,0.015605390071868896
sdm-speaking-rate,sdm-pitch,2,0.04895281791687012
sdm-speaking-rate,sdm-pitch,3,-0.12870419025421143
sdm-speaking-rate,sdm-pitch,4,-0.345167875289917
sdm-speaking-rate,sdm-pitch,5,-0.2337261438369751
sdm-speaking-rate,sdm-pitch,6,-0.17345333099365234
sdm-speaking-rate,sdm-pitch,7,-0.0318906307220459
sdm-speaking-rate,sdm-pitch,8,-0.34147703647613525
sdm-speaking-rate,sdm-pitch,9,-0.4035646915435791
sdm-speaking-rate,sdm-pitch,10,-0.24603819847106934
sdm-speaking-rate,sdm-pitch,11,-0.08138251304626465
sdm-speaking-rate,sdm-pitch,12,-0.23436439037322998
sdm-speaking-rate,sdm-pitch,13,-0.31278467178344727
sdm-speaking-rate,sdm-pitch,14,-0.5940401554107666
sdm-speaking-rate,sdm-pitch,15,-0.43871355056762695
sdm-speaking-rate,sdm-pitch,16,-0.8064098358154297
sdm-speaking-rate,sdm-pitch,17,-0.8575844764709473
sdm-speaking-rate,sdm-pitch,18,-0.7372515201568604
sdm-speaking-rate,sdm-pitch,19,-0.736280083656311
sdm-speaking-rate,sdm-pitch,20,-0.6099206209182739
sdm-speaking-rate,sdm-pitch,21,-0.5122498273849487
sdm-speaking-rate,sdm-pitch,22,-0.9974968433380127
sdm-speaking-rate,sdm-pitch,23,-1.3478477001190186
sdm-speaking-rate,sdm-pitch,24,0.34038805961608887
sdm-speaking-rate,sdm-speaking-rate,0,1.0
sdm-speaking-rate,sdm-speaking-rate,1,1.0
sdm-speaking-rate,sdm-speaking-rate,2,1.0
sdm-speaking-rate,sdm-speaking-rate,3,1.0
sdm-speaking-rate,sdm-speaking-rate,4,1.0
sdm-speaking-rate,sdm-speaking-rate,5,1.0
sdm-speaking-rate,sdm-speaking-rate,6,1.0
sdm-speaking-rate,sdm-speaking-rate,7,1.0
sdm-speaking-rate,sdm-speaking-rate,8,1.0
sdm-speaking-rate,sdm-speaking-rate,9,1.0
sdm-speaking-rate,sdm-speaking-rate,10,1.0
sdm-speaking-rate,sdm-speaking-rate,11,1.0
sdm-speaking-rate,sdm-speaking-rate,12,1.0
sdm-speaking-rate,sdm-speaking-rate,13,1.0
sdm-speaking-rate,sdm-speaking-rate,14,1.0
sdm-speaking-rate,sdm-speaking-rate,15,1.0
sdm-speaking-rate,sdm-speaking-rate,16,1.0
sdm-speaking-rate,sdm-speaking-rate,17,1.0
sdm-speaking-rate,sdm-speaking-rate,18,1.0
sdm-speaking-rate,sdm-speaking-rate,19,1.0
sdm-speaking-rate,sdm-speaking-rate,20,1.0
sdm-speaking-rate,sdm-speaking-rate,21,1.0
sdm-speaking-rate,sdm-speaking-rate,22,1.0
sdm-speaking-rate,sdm-speaking-rate,23,1.0
sdm-speaking-rate,sdm-speaking-rate,24,1.0
sdm-speaking-rate,sdm-mwhisper,0,-0.10047932714223862
sdm-speaking-rate,sdm-mwhisper,1,-0.34996914863586426
sdm-speaking-rate,sdm-mwhisper,2,-0.39598020911216736
sdm-speaking-rate,sdm-mwhisper,3,-0.46404218673706055
sdm-speaking-rate,sdm-mwhisper,4,-0.5466367602348328
sdm-speaking-rate,sdm-mwhisper,5,-0.6314765214920044
sdm-speaking-rate,sdm-mwhisper,6,-0.5890913605690002
sdm-speaking-rate,sdm-mwhisper,7,-0.5226255059242249
sdm-speaking-rate,sdm-mwhisper,8,-0.49778875708580017
sdm-speaking-rate,sdm-mwhisper,9,-0.42696020007133484
sdm-speaking-rate,sdm-mwhisper,10,-0.39545345306396484
sdm-speaking-rate,sdm-mwhisper,11,-0.34224918484687805
sdm-speaking-rate,sdm-mwhisper,12,-0.3436001241207123
sdm-speaking-rate,sdm-mwhisper,13,-0.3336142599582672
sdm-speaking-rate,sdm-mwhisper,14,-0.3610212504863739
sdm-speaking-rate,sdm-mwhisper,15,-0.3669372797012329
sdm-speaking-rate,sdm-mwhisper,16,-0.40161752700805664
sdm-speaking-rate,sdm-mwhisper,17,-0.4234730899333954
sdm-speaking-rate,sdm-mwhisper,18,-0.5241043567657471
sdm-speaking-rate,sdm-mwhisper,19,-0.5970534682273865
sdm-speaking-rate,sdm-mwhisper,20,-0.6612197756767273
sdm-speaking-rate,sdm-mwhisper,21,-0.7651624083518982
sdm-speaking-rate,sdm-mwhisper,22,-0.884258508682251
sdm-speaking-rate,sdm-mwhisper,23,-1.0180729627609253
sdm-speaking-rate,sdm-mwhisper,24,0.1373617798089981
sdm-speaking-rate,sdm-w2v2-asr,0,0.03982245922088623
sdm-speaking-rate,sdm-w2v2-asr,1,-0.17425329983234406
sdm-speaking-rate,sdm-w2v2-asr,2,-0.21831029653549194
sdm-speaking-rate,sdm-w2v2-asr,3,-0.21282130479812622
sdm-speaking-rate,sdm-w2v2-asr,4,-0.26431605219841003
sdm-speaking-rate,sdm-w2v2-asr,5,-0.33779048919677734
sdm-speaking-rate,sdm-w2v2-asr,6,-0.3088715374469757
sdm-speaking-rate,sdm-w2v2-asr,7,-0.22139504551887512
sdm-speaking-rate,sdm-w2v2-asr,8,-0.2544132471084595
sdm-speaking-rate,sdm-w2v2-asr,9,-0.23306766152381897
sdm-speaking-rate,sdm-w2v2-asr,10,-0.23405058681964874
sdm-speaking-rate,sdm-w2v2-asr,11,-0.17619231343269348
sdm-speaking-rate,sdm-w2v2-asr,12,-0.22705289721488953
sdm-speaking-rate,sdm-w2v2-asr,13,-0.2028675675392151
sdm-speaking-rate,sdm-w2v2-asr,14,-0.16126805543899536
sdm-speaking-rate,sdm-w2v2-asr,15,-0.17427004873752594
sdm-speaking-rate,sdm-w2v2-asr,16,-0.21602763235569
sdm-speaking-rate,sdm-w2v2-asr,17,-0.20825348794460297
sdm-speaking-rate,sdm-w2v2-asr,18,-0.2721771001815796
sdm-speaking-rate,sdm-w2v2-asr,19,-0.27383196353912354
sdm-speaking-rate,sdm-w2v2-asr,20,-0.2920822501182556
sdm-speaking-rate,sdm-w2v2-asr,21,-0.40418773889541626
sdm-speaking-rate,sdm-w2v2-asr,22,-0.5313551425933838
sdm-speaking-rate,sdm-w2v2-asr,23,-0.5958955883979797
sdm-speaking-rate,sdm-w2v2-asr,24,0.2286006510257721
sdm-speaking-rate,sdm-emotion2vec,0,-0.20404954254627228
sdm-speaking-rate,sdm-emotion2vec,1,-0.4660230875015259
sdm-speaking-rate,sdm-emotion2vec,2,-0.5146860480308533
sdm-speaking-rate,sdm-emotion2vec,3,-0.5984819531440735
sdm-speaking-rate,sdm-emotion2vec,4,-0.6755087971687317
sdm-speaking-rate,sdm-emotion2vec,5,-0.7865150570869446
sdm-speaking-rate,sdm-emotion2vec,6,-0.738444983959198
sdm-speaking-rate,sdm-emotion2vec,7,-0.6572316288948059
sdm-speaking-rate,sdm-emotion2vec,8,-0.6381996273994446
sdm-speaking-rate,sdm-emotion2vec,9,-0.6077304482460022
sdm-speaking-rate,sdm-emotion2vec,10,-0.5667489767074585
sdm-speaking-rate,sdm-emotion2vec,11,-0.5106801390647888
sdm-speaking-rate,sdm-emotion2vec,12,-0.5518451929092407
sdm-speaking-rate,sdm-emotion2vec,13,-0.5045502781867981
sdm-speaking-rate,sdm-emotion2vec,14,-0.5180408358573914
sdm-speaking-rate,sdm-emotion2vec,15,-0.502202033996582
sdm-speaking-rate,sdm-emotion2vec,16,-0.5451429486274719
sdm-speaking-rate,sdm-emotion2vec,17,-0.6013225317001343
sdm-speaking-rate,sdm-emotion2vec,18,-0.6947541832923889
sdm-speaking-rate,sdm-emotion2vec,19,-0.799791157245636
sdm-speaking-rate,sdm-emotion2vec,20,-0.8457117080688477
sdm-speaking-rate,sdm-emotion2vec,21,-0.9596099853515625
sdm-speaking-rate,sdm-emotion2vec,22,-1.1207177639007568
sdm-speaking-rate,sdm-emotion2vec,23,-1.2322415113449097
sdm-speaking-rate,sdm-emotion2vec,24,0.0867406353354454
sdm-mwhisper,sdm-xlsr-fairseq,0,-0.008619769476354122
sdm-mwhisper,sdm-xlsr-fairseq,1,-0.18134772777557373
sdm-mwhisper,sdm-xlsr-fairseq,2,-0.20181064307689667
sdm-mwhisper,sdm-xlsr-fairseq,3,-0.25687405467033386
sdm-mwhisper,sdm-xlsr-fairseq,4,-0.30127331614494324
sdm-mwhisper,sdm-xlsr-fairseq,5,-0.3587264120578766
sdm-mwhisper,sdm-xlsr-fairseq,6,-0.3094330430030823
sdm-mwhisper,sdm-xlsr-fairseq,7,-0.23313991725444794
sdm-mwhisper,sdm-xlsr-fairseq,8,-0.18449024856090546
sdm-mwhisper,sdm-xlsr-fairseq,9,-0.1632394939661026
sdm-mwhisper,sdm-xlsr-fairseq,10,-0.11928421258926392
sdm-mwhisper,sdm-xlsr-fairseq,11,-0.07991629093885422
sdm-mwhisper,sdm-xlsr-fairseq,12,-0.10714989900588989
sdm-mwhisper,sdm-xlsr-fairseq,13,-0.07109536975622177
sdm-mwhisper,sdm-xlsr-fairseq,14,-0.09675552695989609
sdm-mwhisper,sdm-xlsr-fairseq,15,-0.09416057914495468
sdm-mwhisper,sdm-xlsr-fairseq,16,-0.12692685425281525
sdm-mwhisper,sdm-xlsr-fairseq,17,-0.15188074111938477
sdm-mwhisper,sdm-xlsr-fairseq,18,-0.22676606476306915
sdm-mwhisper,sdm-xlsr-fairseq,19,-0.3049126863479614
sdm-mwhisper,sdm-xlsr-fairseq,20,-0.3518298864364624
sdm-mwhisper,sdm-xlsr-fairseq,21,-0.4268665313720703
sdm-mwhisper,sdm-xlsr-fairseq,22,-0.5390329360961914
sdm-mwhisper,sdm-xlsr-fairseq,23,-0.6770768165588379
sdm-mwhisper,sdm-xlsr-fairseq,24,0.22762097418308258
sdm-mwhisper,sdm-dvector,0,0.44374799728393555
sdm-mwhisper,sdm-dvector,1,0.41700977087020874
sdm-mwhisper,sdm-dvector,2,0.3964892029762268
sdm-mwhisper,sdm-dvector,3,0.3745068609714508
sdm-mwhisper,sdm-dvector,4,0.2860706150531769
sdm-mwhisper,sdm-dvector,5,0.1493731588125229
sdm-mwhisper,sdm-dvector,6,0.10212542861700058
sdm-mwhisper,sdm-dvector,7,0.07215508818626404
sdm-mwhisper,sdm-dvector,8,0.00044604577124118805
sdm-mwhisper,sdm-dvector,9,-0.04277707636356354
sdm-mwhisper,sdm-dvector,10,-0.05213582515716553
sdm-mwhisper,sdm-dvector,11,-0.09081575274467468
sdm-mwhisper,sdm-dvector,12,-0.15384401381015778
sdm-mwhisper,sdm-dvector,13,-0.167970210313797
sdm-mwhisper,sdm-dvector,14,-0.1628907024860382
sdm-mwhisper,sdm-dvector,15,-0.18501779437065125
sdm-mwhisper,sdm-dvector,16,-0.236354798078537
sdm-mwhisper,sdm-dvector,17,-0.220626562833786
sdm-mwhisper,sdm-dvector,18,-0.1882379651069641
sdm-mwhisper,sdm-dvector,19,-0.1999221295118332
sdm-mwhisper,sdm-dvector,20,-0.1879732459783554
sdm-mwhisper,sdm-dvector,21,-0.28072309494018555
sdm-mwhisper,sdm-dvector,22,-0.3642748296260834
sdm-mwhisper,sdm-dvector,23,-0.43996983766555786
sdm-mwhisper,sdm-dvector,24,0.32500723004341125
sdm-mwhisper,sdm-mpm,0,0.13070237636566162
sdm-mwhisper,sdm-mpm,1,-0.10375899076461792
sdm-mwhisper,sdm-mpm,2,-0.12865988910198212
sdm-mwhisper,sdm-mpm,3,-0.2041095495223999
sdm-mwhisper,sdm-mpm,4,-0.2972947955131531
sdm-mwhisper,sdm-mpm,5,-0.3766339421272278
sdm-mwhisper,sdm-mpm,6,-0.3844078779220581
sdm-mwhisper,sdm-mpm,7,-0.3520739674568176
sdm-mwhisper,sdm-mpm,8,-0.43479087948799133
sdm-mwhisper,sdm-mpm,9,-0.4509434103965759
sdm-mwhisper,sdm-mpm,10,-0.42549753189086914
sdm-mwhisper,sdm-mpm,11,-0.44465747475624084
sdm-mwhisper,sdm-mpm,12,-0.5141383409500122
sdm-mwhisper,sdm-mpm,13,-0.5254594683647156
sdm-mwhisper,sdm-mpm,14,-0.5372158288955688
sdm-mwhisper,sdm-mpm,15,-0.5669821500778198
sdm-mwhisper,sdm-mpm,16,-0.5661277770996094
sdm-mwhisper,sdm-mpm,17,-0.5953596830368042
sdm-mwhisper,sdm-mpm,18,-0.602890133857727
sdm-mwhisper,sdm-mpm,19,-0.6726915836334229
sdm-mwhisper,sdm-mpm,20,-0.6981242895126343
sdm-mwhisper,sdm-mpm,21,-0.7773942947387695
sdm-mwhisper,sdm-mpm,22,-0.7953400611877441
sdm-mwhisper,sdm-mpm,23,-0.8886145353317261
sdm-mwhisper,sdm-mpm,24,0.28934919834136963
sdm-mwhisper,sdm-pitch,0,0.21530073881149292
sdm-mwhisper,sdm-pitch,1,0.01506263017654419
sdm-mwhisper,sdm-pitch,2,0.05735361576080322
sdm-mwhisper,sdm-pitch,3,-0.1381065845489502
sdm-mwhisper,sdm-pitch,4,-0.3567054271697998
sdm-mwhisper,sdm-pitch,5,-0.248793363571167
sdm-mwhisper,sdm-pitch,6,-0.17998933792114258
sdm-mwhisper,sdm-pitch,7,0.01843392848968506
sdm-mwhisper,sdm-pitch,8,-0.2766299247741699
sdm-mwhisper,sdm-pitch,9,-0.386446475982666
sdm-mwhisper,sdm-pitch,10,-0.13810491561889648
sdm-mwhisper,sdm-pitch,11,-0.09359931945800781
sdm-mwhisper,sdm-pitch,12,-0.18145525455474854
sdm-mwhisper,sdm-pitch,13,-0.22340893745422363
sdm-mwhisper,sdm-pitch,14,-0.5371021032333374
sdm-mwhisper,sdm-pitch,15,-0.3724724054336548
sdm-mwhisper,sdm-pitch,16,-0.7164446115493774
sdm-mwhisper,sdm-pitch,17,-0.7741056680679321
sdm-mwhisper,sdm-pitch,18,-0.5498292446136475
sdm-mwhisper,sdm-pitch,19,-0.7548220157623291
sdm-mwhisper,sdm-pitch,20,-0.5368080139160156
sdm-mwhisper,sdm-pitch,21,-0.48125994205474854
sdm-mwhisper,sdm-pitch,22,-0.6136654615402222
sdm-mwhisper,sdm-pitch,23,-1.111654281616211
sdm-mwhisper,sdm-pitch,24,0.4036763906478882
sdm-mwhisper,sdm-speaking-rate,0,1.0
sdm-mwhisper,sdm-speaking-rate,1,1.0
sdm-mwhisper,sdm-speaking-rate,2,1.0
sdm-mwhisper,sdm-speaking-rate,3,1.0
sdm-mwhisper,sdm-speaking-rate,4,1.0
sdm-mwhisper,sdm-speaking-rate,5,1.0
sdm-mwhisper,sdm-speaking-rate,6,1.0
sdm-mwhisper,sdm-speaking-rate,7,1.0
sdm-mwhisper,sdm-speaking-rate,8,1.0
sdm-mwhisper,sdm-speaking-rate,9,1.0
sdm-mwhisper,sdm-speaking-rate,10,1.0
sdm-mwhisper,sdm-speaking-rate,11,1.0
sdm-mwhisper,sdm-speaking-rate,12,1.0
sdm-mwhisper,sdm-speaking-rate,13,1.0
sdm-mwhisper,sdm-speaking-rate,14,1.0
sdm-mwhisper,sdm-speaking-rate,15,1.0
sdm-mwhisper,sdm-speaking-rate,16,1.0
sdm-mwhisper,sdm-speaking-rate,17,1.0
sdm-mwhisper,sdm-speaking-rate,18,1.0
sdm-mwhisper,sdm-speaking-rate,19,1.0
sdm-mwhisper,sdm-speaking-rate,20,1.0
sdm-mwhisper,sdm-speaking-rate,21,1.0
sdm-mwhisper,sdm-speaking-rate,22,1.0
sdm-mwhisper,sdm-speaking-rate,23,1.0
sdm-mwhisper,sdm-speaking-rate,24,1.0
sdm-mwhisper,sdm-mwhisper,0,-0.10047932714223862
sdm-mwhisper,sdm-mwhisper,1,-0.3469143211841583
sdm-mwhisper,sdm-mwhisper,2,-0.39600852131843567
sdm-mwhisper,sdm-mwhisper,3,-0.46550074219703674
sdm-mwhisper,sdm-mwhisper,4,-0.5458313822746277
sdm-mwhisper,sdm-mwhisper,5,-0.6297088265419006
sdm-mwhisper,sdm-mwhisper,6,-0.582493007183075
sdm-mwhisper,sdm-mwhisper,7,-0.5186792016029358
sdm-mwhisper,sdm-mwhisper,8,-0.49856314063072205
sdm-mwhisper,sdm-mwhisper,9,-0.4211396276950836
sdm-mwhisper,sdm-mwhisper,10,-0.39259108901023865
sdm-mwhisper,sdm-mwhisper,11,-0.3420342206954956
sdm-mwhisper,sdm-mwhisper,12,-0.35136306285858154
sdm-mwhisper,sdm-mwhisper,13,-0.3322853744029999
sdm-mwhisper,sdm-mwhisper,14,-0.361745685338974
sdm-mwhisper,sdm-mwhisper,15,-0.3607872724533081
sdm-mwhisper,sdm-mwhisper,16,-0.4025937020778656
sdm-mwhisper,sdm-mwhisper,17,-0.4275130331516266
sdm-mwhisper,sdm-mwhisper,18,-0.519247829914093
sdm-mwhisper,sdm-mwhisper,19,-0.6019976735115051
sdm-mwhisper,sdm-mwhisper,20,-0.6576816439628601
sdm-mwhisper,sdm-mwhisper,21,-0.7741374969482422
sdm-mwhisper,sdm-mwhisper,22,-0.8794994950294495
sdm-mwhisper,sdm-mwhisper,23,-1.030411720275879
sdm-mwhisper,sdm-mwhisper,24,0.15346871316432953
sdm-mwhisper,sdm-w2v2-asr,0,0.03982245922088623
sdm-mwhisper,sdm-w2v2-asr,1,-0.1728653609752655
sdm-mwhisper,sdm-w2v2-asr,2,-0.217041015625
sdm-mwhisper,sdm-w2v2-asr,3,-0.20933976769447327
sdm-mwhisper,sdm-w2v2-asr,4,-0.26251697540283203
sdm-mwhisper,sdm-w2v2-asr,5,-0.33875101804733276
sdm-mwhisper,sdm-w2v2-asr,6,-0.2975008487701416
sdm-mwhisper,sdm-w2v2-asr,7,-0.215035080909729
sdm-mwhisper,sdm-w2v2-asr,8,-0.2611142694950104
sdm-mwhisper,sdm-w2v2-asr,9,-0.2348521500825882
sdm-mwhisper,sdm-w2v2-asr,10,-0.2233770787715912
sdm-mwhisper,sdm-w2v2-asr,11,-0.19731029868125916
sdm-mwhisper,sdm-w2v2-asr,12,-0.23902156949043274
sdm-mwhisper,sdm-w2v2-asr,13,-0.21930603682994843
sdm-mwhisper,sdm-w2v2-asr,14,-0.16241611540317535
sdm-mwhisper,sdm-w2v2-asr,15,-0.16140994429588318
sdm-mwhisper,sdm-w2v2-asr,16,-0.21899649500846863
sdm-mwhisper,sdm-w2v2-asr,17,-0.23435574769973755
sdm-mwhisper,sdm-w2v2-asr,18,-0.2783350646495819
sdm-mwhisper,sdm-w2v2-asr,19,-0.29910656809806824
sdm-mwhisper,sdm-w2v2-asr,20,-0.3212452232837677
sdm-mwhisper,sdm-w2v2-asr,21,-0.4496273696422577
sdm-mwhisper,sdm-w2v2-asr,22,-0.5007915496826172
sdm-mwhisper,sdm-w2v2-asr,23,-0.6528850197792053
sdm-mwhisper,sdm-w2v2-asr,24,0.26122069358825684
sdm-mwhisper,sdm-emotion2vec,0,-0.20404954254627228
sdm-mwhisper,sdm-emotion2vec,1,-0.4629695415496826
sdm-mwhisper,sdm-emotion2vec,2,-0.5147619843482971
sdm-mwhisper,sdm-emotion2vec,3,-0.5990932583808899
sdm-mwhisper,sdm-emotion2vec,4,-0.6762320399284363
sdm-mwhisper,sdm-emotion2vec,5,-0.7841305732727051
sdm-mwhisper,sdm-emotion2vec,6,-0.7337120175361633
sdm-mwhisper,sdm-emotion2vec,7,-0.6537613272666931
sdm-mwhisper,sdm-emotion2vec,8,-0.6366962790489197
sdm-mwhisper,sdm-emotion2vec,9,-0.6036059260368347
sdm-mwhisper,sdm-emotion2vec,10,-0.5673170685768127
sdm-mwhisper,sdm-emotion2vec,11,-0.5129707455635071
sdm-mwhisper,sdm-emotion2vec,12,-0.5517386794090271
sdm-mwhisper,sdm-emotion2vec,13,-0.499759316444397
sdm-mwhisper,sdm-emotion2vec,14,-0.5177567601203918
sdm-mwhisper,sdm-emotion2vec,15,-0.5006785988807678
sdm-mwhisper,sdm-emotion2vec,16,-0.5474780201911926
sdm-mwhisper,sdm-emotion2vec,17,-0.6055209040641785
sdm-mwhisper,sdm-emotion2vec,18,-0.693732738494873
sdm-mwhisper,sdm-emotion2vec,19,-0.8030743598937988
sdm-mwhisper,sdm-emotion2vec,20,-0.8478029370307922
sdm-mwhisper,sdm-emotion2vec,21,-0.9596476554870605
sdm-mwhisper,sdm-emotion2vec,22,-1.104742407798767
sdm-mwhisper,sdm-emotion2vec,23,-1.2403851747512817
sdm-mwhisper,sdm-emotion2vec,24,0.09482143074274063
sdm-w2v2-asr,sdm-xlsr-fairseq,0,-0.008619769476354122
sdm-w2v2-asr,sdm-xlsr-fairseq,1,-0.18202757835388184
sdm-w2v2-asr,sdm-xlsr-fairseq,2,-0.20415878295898438
sdm-w2v2-asr,sdm-xlsr-fairseq,3,-0.25861790776252747
sdm-w2v2-asr,sdm-xlsr-fairseq,4,-0.30156657099723816
sdm-w2v2-asr,sdm-xlsr-fairseq,5,-0.35804009437561035
sdm-w2v2-asr,sdm-xlsr-fairseq,6,-0.3081549406051636
sdm-w2v2-asr,sdm-xlsr-fairseq,7,-0.23648828268051147
sdm-w2v2-asr,sdm-xlsr-fairseq,8,-0.18833939731121063
sdm-w2v2-asr,sdm-xlsr-fairseq,9,-0.15935462713241577
sdm-w2v2-asr,sdm-xlsr-fairseq,10,-0.11350822448730469
sdm-w2v2-asr,sdm-xlsr-fairseq,11,-0.07275714725255966
sdm-w2v2-asr,sdm-xlsr-fairseq,12,-0.10456747561693192
sdm-w2v2-asr,sdm-xlsr-fairseq,13,-0.06917601078748703
sdm-w2v2-asr,sdm-xlsr-fairseq,14,-0.09403291344642639
sdm-w2v2-asr,sdm-xlsr-fairseq,15,-0.09423848241567612
sdm-w2v2-asr,sdm-xlsr-fairseq,16,-0.12445858865976334
sdm-w2v2-asr,sdm-xlsr-fairseq,17,-0.142855703830719
sdm-w2v2-asr,sdm-xlsr-fairseq,18,-0.21641860902309418
sdm-w2v2-asr,sdm-xlsr-fairseq,19,-0.2958792448043823
sdm-w2v2-asr,sdm-xlsr-fairseq,20,-0.35228431224823
sdm-w2v2-asr,sdm-xlsr-fairseq,21,-0.4260108470916748
sdm-w2v2-asr,sdm-xlsr-fairseq,22,-0.5367552042007446
sdm-w2v2-asr,sdm-xlsr-fairseq,23,-0.6838369369506836
sdm-w2v2-asr,sdm-xlsr-fairseq,24,0.22316481173038483
sdm-w2v2-asr,sdm-dvector,0,0.44374799728393555
sdm-w2v2-asr,sdm-dvector,1,0.4166792035102844
sdm-w2v2-asr,sdm-dvector,2,0.39627861976623535
sdm-w2v2-asr,sdm-dvector,3,0.3740057349205017
sdm-w2v2-asr,sdm-dvector,4,0.28377312421798706
sdm-w2v2-asr,sdm-dvector,5,0.151190847158432
sdm-w2v2-asr,sdm-dvector,6,0.10263770818710327
sdm-w2v2-asr,sdm-dvector,7,0.07433002442121506
sdm-w2v2-asr,sdm-dvector,8,0.003980986773967743
sdm-w2v2-asr,sdm-dvector,9,-0.04344658926129341
sdm-w2v2-asr,sdm-dvector,10,-0.05276324972510338
sdm-w2v2-asr,sdm-dvector,11,-0.08575551211833954
sdm-w2v2-asr,sdm-dvector,12,-0.15622445940971375
sdm-w2v2-asr,sdm-dvector,13,-0.1719890683889389
sdm-w2v2-asr,sdm-dvector,14,-0.16845554113388062
sdm-w2v2-asr,sdm-dvector,15,-0.18849673867225647
sdm-w2v2-asr,sdm-dvector,16,-0.24235081672668457
sdm-w2v2-asr,sdm-dvector,17,-0.22265595197677612
sdm-w2v2-asr,sdm-dvector,18,-0.17604975402355194
sdm-w2v2-asr,sdm-dvector,19,-0.197914257645607
sdm-w2v2-asr,sdm-dvector,20,-0.18912571668624878
sdm-w2v2-asr,sdm-dvector,21,-0.27846476435661316
sdm-w2v2-asr,sdm-dvector,22,-0.35655906796455383
sdm-w2v2-asr,sdm-dvector,23,-0.4439944624900818
sdm-w2v2-asr,sdm-dvector,24,0.31972789764404297
sdm-w2v2-asr,sdm-mpm,0,0.13070237636566162
sdm-w2v2-asr,sdm-mpm,1,-0.10587741434574127
sdm-w2v2-asr,sdm-mpm,2,-0.1316833198070526
sdm-w2v2-asr,sdm-mpm,3,-0.20133045315742493
sdm-w2v2-asr,sdm-mpm,4,-0.29816094040870667
sdm-w2v2-asr,sdm-mpm,5,-0.3781995177268982
sdm-w2v2-asr,sdm-mpm,6,-0.38669559359550476
sdm-w2v2-asr,sdm-mpm,7,-0.3493577241897583
sdm-w2v2-asr,sdm-mpm,8,-0.4338199496269226
sdm-w2v2-asr,sdm-mpm,9,-0.4549192786216736
sdm-w2v2-asr,sdm-mpm,10,-0.43212324380874634
sdm-w2v2-asr,sdm-mpm,11,-0.4374120235443115
sdm-w2v2-asr,sdm-mpm,12,-0.5206801295280457
sdm-w2v2-asr,sdm-mpm,13,-0.53944331407547
sdm-w2v2-asr,sdm-mpm,14,-0.5375695824623108
sdm-w2v2-asr,sdm-mpm,15,-0.575921356678009
sdm-w2v2-asr,sdm-mpm,16,-0.5629686117172241
sdm-w2v2-asr,sdm-mpm,17,-0.6022171378135681
sdm-w2v2-asr,sdm-mpm,18,-0.5976208448410034
sdm-w2v2-asr,sdm-mpm,19,-0.6546484231948853
sdm-w2v2-asr,sdm-mpm,20,-0.6669882535934448
sdm-w2v2-asr,sdm-mpm,21,-0.7423480749130249
sdm-w2v2-asr,sdm-mpm,22,-0.7749958038330078
sdm-w2v2-asr,sdm-mpm,23,-0.9082770943641663
sdm-w2v2-asr,sdm-mpm,24,0.2875308096408844
sdm-w2v2-asr,sdm-pitch,0,0.21530073881149292
sdm-w2v2-asr,sdm-pitch,1,0.012057602405548096
sdm-w2v2-asr,sdm-pitch,2,0.05626267194747925
sdm-w2v2-asr,sdm-pitch,3,-0.1412874460220337
sdm-w2v2-asr,sdm-pitch,4,-0.32781243324279785
sdm-w2v2-asr,sdm-pitch,5,-0.23207998275756836
sdm-w2v2-asr,sdm-pitch,6,-0.17660152912139893
sdm-w2v2-asr,sdm-pitch,7,0.009876430034637451
sdm-w2v2-asr,sdm-pitch,8,-0.3170359134674072
sdm-w2v2-asr,sdm-pitch,9,-0.34071528911590576
sdm-w2v2-asr,sdm-pitch,10,-0.18826043605804443
sdm-w2v2-asr,sdm-pitch,11,-0.15386736392974854
sdm-w2v2-asr,sdm-pitch,12,-0.21658432483673096
sdm-w2v2-asr,sdm-pitch,13,-0.2997835874557495
sdm-w2v2-asr,sdm-pitch,14,-0.4363013505935669
sdm-w2v2-asr,sdm-pitch,15,-0.4120445251464844
sdm-w2v2-asr,sdm-pitch,16,-0.7193742990493774
sdm-w2v2-asr,sdm-pitch,17,-0.812371015548706
sdm-w2v2-asr,sdm-pitch,18,-0.5491406917572021
sdm-w2v2-asr,sdm-pitch,19,-0.667094349861145
sdm-w2v2-asr,sdm-pitch,20,-0.5242960453033447
sdm-w2v2-asr,sdm-pitch,21,-0.5314130783081055
sdm-w2v2-asr,sdm-pitch,22,-0.6720632314682007
sdm-w2v2-asr,sdm-pitch,23,-1.1720635890960693
sdm-w2v2-asr,sdm-pitch,24,0.3991081714630127
sdm-w2v2-asr,sdm-speaking-rate,0,1.0
sdm-w2v2-asr,sdm-speaking-rate,1,1.0
sdm-w2v2-asr,sdm-speaking-rate,2,1.0
sdm-w2v2-asr,sdm-speaking-rate,3,1.0
sdm-w2v2-asr,sdm-speaking-rate,4,1.0
sdm-w2v2-asr,sdm-speaking-rate,5,1.0
sdm-w2v2-asr,sdm-speaking-rate,6,1.0
sdm-w2v2-asr,sdm-speaking-rate,7,1.0
sdm-w2v2-asr,sdm-speaking-rate,8,1.0
sdm-w2v2-asr,sdm-speaking-rate,9,1.0
sdm-w2v2-asr,sdm-speaking-rate,10,1.0
sdm-w2v2-asr,sdm-speaking-rate,11,1.0
sdm-w2v2-asr,sdm-speaking-rate,12,1.0
sdm-w2v2-asr,sdm-speaking-rate,13,1.0
sdm-w2v2-asr,sdm-speaking-rate,14,1.0
sdm-w2v2-asr,sdm-speaking-rate,15,1.0
sdm-w2v2-asr,sdm-speaking-rate,16,1.0
sdm-w2v2-asr,sdm-speaking-rate,17,1.0
sdm-w2v2-asr,sdm-speaking-rate,18,1.0
sdm-w2v2-asr,sdm-speaking-rate,19,1.0
sdm-w2v2-asr,sdm-speaking-rate,20,1.0
sdm-w2v2-asr,sdm-speaking-rate,21,1.0
sdm-w2v2-asr,sdm-speaking-rate,22,1.0
sdm-w2v2-asr,sdm-speaking-rate,23,1.0
sdm-w2v2-asr,sdm-speaking-rate,24,1.0
sdm-w2v2-asr,sdm-mwhisper,0,-0.10047932714223862
sdm-w2v2-asr,sdm-mwhisper,1,-0.34776461124420166
sdm-w2v2-asr,sdm-mwhisper,2,-0.398343950510025
sdm-w2v2-asr,sdm-mwhisper,3,-0.4676123559474945
sdm-w2v2-asr,sdm-mwhisper,4,-0.545208215713501
sdm-w2v2-asr,sdm-mwhisper,5,-0.6300033926963806
sdm-w2v2-asr,sdm-mwhisper,6,-0.5824482440948486
sdm-w2v2-asr,sdm-mwhisper,7,-0.5217064619064331
sdm-w2v2-asr,sdm-mwhisper,8,-0.5008682608604431
sdm-w2v2-asr,sdm-mwhisper,9,-0.4216059446334839
sdm-w2v2-asr,sdm-mwhisper,10,-0.39157047867774963
sdm-w2v2-asr,sdm-mwhisper,11,-0.3390357494354248
sdm-w2v2-asr,sdm-mwhisper,12,-0.34631332755088806
sdm-w2v2-asr,sdm-mwhisper,13,-0.331841379404068
sdm-w2v2-asr,sdm-mwhisper,14,-0.3585747182369232
sdm-w2v2-asr,sdm-mwhisper,15,-0.3639037609100342
sdm-w2v2-asr,sdm-mwhisper,16,-0.4008077085018158
sdm-w2v2-asr,sdm-mwhisper,17,-0.415925532579422
sdm-w2v2-asr,sdm-mwhisper,18,-0.5118424892425537
sdm-w2v2-asr,sdm-mwhisper,19,-0.5962821841239929
sdm-w2v2-asr,sdm-mwhisper,20,-0.6532649397850037
sdm-w2v2-asr,sdm-mwhisper,21,-0.759072482585907
sdm-w2v2-asr,sdm-mwhisper,22,-0.8702170252799988
sdm-w2v2-asr,sdm-mwhisper,23,-1.0352736711502075
sdm-w2v2-asr,sdm-mwhisper,24,0.15159209072589874
sdm-w2v2-asr,sdm-w2v2-asr,0,0.03982245922088623
sdm-w2v2-asr,sdm-w2v2-asr,1,-0.17273779213428497
sdm-w2v2-asr,sdm-w2v2-asr,2,-0.2181432843208313
sdm-w2v2-asr,sdm-w2v2-asr,3,-0.20930348336696625
sdm-w2v2-asr,sdm-w2v2-asr,4,-0.26458895206451416
sdm-w2v2-asr,sdm-w2v2-asr,5,-0.3398812413215637
sdm-w2v2-asr,sdm-w2v2-asr,6,-0.30013009905815125
sdm-w2v2-asr,sdm-w2v2-asr,7,-0.2227155566215515
sdm-w2v2-asr,sdm-w2v2-asr,8,-0.2599538266658783
sdm-w2v2-asr,sdm-w2v2-asr,9,-0.23117586970329285
sdm-w2v2-asr,sdm-w2v2-asr,10,-0.22667795419692993
sdm-w2v2-asr,sdm-w2v2-asr,11,-0.1943848729133606
sdm-w2v2-asr,sdm-w2v2-asr,12,-0.24640080332756042
sdm-w2v2-asr,sdm-w2v2-asr,13,-0.22364233434200287
sdm-w2v2-asr,sdm-w2v2-asr,14,-0.16565804183483124
sdm-w2v2-asr,sdm-w2v2-asr,15,-0.1740712672472
sdm-w2v2-asr,sdm-w2v2-asr,16,-0.219465434551239
sdm-w2v2-asr,sdm-w2v2-asr,17,-0.23198100924491882
sdm-w2v2-asr,sdm-w2v2-asr,18,-0.27814018726348877
sdm-w2v2-asr,sdm-w2v2-asr,19,-0.2854178547859192
sdm-w2v2-asr,sdm-w2v2-asr,20,-0.312336802482605
sdm-w2v2-asr,sdm-w2v2-asr,21,-0.43342113494873047
sdm-w2v2-asr,sdm-w2v2-asr,22,-0.5011070966720581
sdm-w2v2-asr,sdm-w2v2-asr,23,-0.6178643703460693
sdm-w2v2-asr,sdm-w2v2-asr,24,0.25659412145614624
sdm-w2v2-asr,sdm-emotion2vec,0,-0.20404954254627228
sdm-w2v2-asr,sdm-emotion2vec,1,-0.4639914929866791
sdm-w2v2-asr,sdm-emotion2vec,2,-0.5186557769775391
sdm-w2v2-asr,sdm-emotion2vec,3,-0.6013808846473694
sdm-w2v2-asr,sdm-emotion2vec,4,-0.6781933903694153
sdm-w2v2-asr,sdm-emotion2vec,5,-0.7855417728424072
sdm-w2v2-asr,sdm-emotion2vec,6,-0.7359974384307861
sdm-w2v2-asr,sdm-emotion2vec,7,-0.6565057635307312
sdm-w2v2-asr,sdm-emotion2vec,8,-0.6403256058692932
sdm-w2v2-asr,sdm-emotion2vec,9,-0.6019951701164246
sdm-w2v2-asr,sdm-emotion2vec,10,-0.5687705874443054
sdm-w2v2-asr,sdm-emotion2vec,11,-0.512647271156311
sdm-w2v2-asr,sdm-emotion2vec,12,-0.5500785708427429
sdm-w2v2-asr,sdm-emotion2vec,13,-0.4994424879550934
sdm-w2v2-asr,sdm-emotion2vec,14,-0.5143008828163147
sdm-w2v2-asr,sdm-emotion2vec,15,-0.5049700140953064
sdm-w2v2-asr,sdm-emotion2vec,16,-0.5468078255653381
sdm-w2v2-asr,sdm-emotion2vec,17,-0.595923662185669
sdm-w2v2-asr,sdm-emotion2vec,18,-0.6890813708305359
sdm-w2v2-asr,sdm-emotion2vec,19,-0.7940219044685364
sdm-w2v2-asr,sdm-emotion2vec,20,-0.8418523669242859
sdm-w2v2-asr,sdm-emotion2vec,21,-0.9521853923797607
sdm-w2v2-asr,sdm-emotion2vec,22,-1.0966178178787231
sdm-w2v2-asr,sdm-emotion2vec,23,-1.2546253204345703
sdm-w2v2-asr,sdm-emotion2vec,24,0.09376927465200424
sdm-emotion2vec,sdm-xlsr-fairseq,0,-0.008619769476354122
sdm-emotion2vec,sdm-xlsr-fairseq,1,-0.17160044610500336
sdm-emotion2vec,sdm-xlsr-fairseq,2,-0.2011534422636032
sdm-emotion2vec,sdm-xlsr-fairseq,3,-0.23831689357757568
sdm-emotion2vec,sdm-xlsr-fairseq,4,-0.28406238555908203
sdm-emotion2vec,sdm-xlsr-fairseq,5,-0.36579886078834534
sdm-emotion2vec,sdm-xlsr-fairseq,6,-0.3112901449203491
sdm-emotion2vec,sdm-xlsr-fairseq,7,-0.2455764263868332
sdm-emotion2vec,sdm-xlsr-fairseq,8,-0.19995735585689545
sdm-emotion2vec,sdm-xlsr-fairseq,9,-0.17151157557964325
sdm-emotion2vec,sdm-xlsr-fairseq,10,-0.12055355310440063
sdm-emotion2vec,sdm-xlsr-fairseq,11,-0.09846202284097672
sdm-emotion2vec,sdm-xlsr-fairseq,12,-0.1267174929380417
sdm-emotion2vec,sdm-xlsr-fairseq,13,-0.09389353543519974
sdm-emotion2vec,sdm-xlsr-fairseq,14,-0.11345973610877991
sdm-emotion2vec,sdm-xlsr-fairseq,15,-0.11446112394332886
sdm-emotion2vec,sdm-xlsr-fairseq,16,-0.13809746503829956
sdm-emotion2vec,sdm-xlsr-fairseq,17,-0.19102494418621063
sdm-emotion2vec,sdm-xlsr-fairseq,18,-0.251687616109848
sdm-emotion2vec,sdm-xlsr-fairseq,19,-0.32439276576042175
sdm-emotion2vec,sdm-xlsr-fairseq,20,-0.3439156711101532
sdm-emotion2vec,sdm-xlsr-fairseq,21,-0.4427354633808136
sdm-emotion2vec,sdm-xlsr-fairseq,22,-0.5560570955276489
sdm-emotion2vec,sdm-xlsr-fairseq,23,-0.7222752571105957
sdm-emotion2vec,sdm-xlsr-fairseq,24,0.2309654802083969
sdm-emotion2vec,sdm-dvector,0,0.44374799728393555
sdm-emotion2vec,sdm-dvector,1,0.4207507371902466
sdm-emotion2vec,sdm-dvector,2,0.39049476385116577
sdm-emotion2vec,sdm-dvector,3,0.3790583312511444
sdm-emotion2vec,sdm-dvector,4,0.28724613785743713
sdm-emotion2vec,sdm-dvector,5,0.15823356807231903
sdm-emotion2vec,sdm-dvector,6,0.11072294414043427
sdm-emotion2vec,sdm-dvector,7,0.07567695528268814
sdm-emotion2vec,sdm-dvector,8,-0.0008331108838319778
sdm-emotion2vec,sdm-dvector,9,-0.024736832827329636
sdm-emotion2vec,sdm-dvector,10,-0.030169880017638206
sdm-emotion2vec,sdm-dvector,11,-0.07628241181373596
sdm-emotion2vec,sdm-dvector,12,-0.17404040694236755
sdm-emotion2vec,sdm-dvector,13,-0.17851941287517548
sdm-emotion2vec,sdm-dvector,14,-0.16756805777549744
sdm-emotion2vec,sdm-dvector,15,-0.18982082605361938
sdm-emotion2vec,sdm-dvector,16,-0.2287532538175583
sdm-emotion2vec,sdm-dvector,17,-0.24966129660606384
sdm-emotion2vec,sdm-dvector,18,-0.18412372469902039
sdm-emotion2vec,sdm-dvector,19,-0.2110748291015625
sdm-emotion2vec,sdm-dvector,20,-0.2063867300748825
sdm-emotion2vec,sdm-dvector,21,-0.3034570813179016
sdm-emotion2vec,sdm-dvector,22,-0.2843427360057831
sdm-emotion2vec,sdm-dvector,23,-0.42276889085769653
sdm-emotion2vec,sdm-dvector,24,0.32235389947891235
sdm-emotion2vec,sdm-mpm,0,0.13070237636566162
sdm-emotion2vec,sdm-mpm,1,-0.0974220335483551
sdm-emotion2vec,sdm-mpm,2,-0.12531021237373352
sdm-emotion2vec,sdm-mpm,3,-0.17712156474590302
sdm-emotion2vec,sdm-mpm,4,-0.28414708375930786
sdm-emotion2vec,sdm-mpm,5,-0.3479859232902527
sdm-emotion2vec,sdm-mpm,6,-0.3986150920391083
sdm-emotion2vec,sdm-mpm,7,-0.3578345775604248
sdm-emotion2vec,sdm-mpm,8,-0.44148123264312744
sdm-emotion2vec,sdm-mpm,9,-0.4556070566177368
sdm-emotion2vec,sdm-mpm,10,-0.4369698762893677
sdm-emotion2vec,sdm-mpm,11,-0.45437970757484436
sdm-emotion2vec,sdm-mpm,12,-0.5119920969009399
sdm-emotion2vec,sdm-mpm,13,-0.5242982506752014
sdm-emotion2vec,sdm-mpm,14,-0.5457428097724915
sdm-emotion2vec,sdm-mpm,15,-0.5645796060562134
sdm-emotion2vec,sdm-mpm,16,-0.5695934891700745
sdm-emotion2vec,sdm-mpm,17,-0.586975634098053
sdm-emotion2vec,sdm-mpm,18,-0.6298967599868774
sdm-emotion2vec,sdm-mpm,19,-0.6960849165916443
sdm-emotion2vec,sdm-mpm,20,-0.6901683807373047
sdm-emotion2vec,sdm-mpm,21,-0.7652862668037415
sdm-emotion2vec,sdm-mpm,22,-0.8450524806976318
sdm-emotion2vec,sdm-mpm,23,-0.9396069049835205
sdm-emotion2vec,sdm-mpm,24,0.28713005781173706
sdm-emotion2vec,sdm-pitch,0,0.21530073881149292
sdm-emotion2vec,sdm-pitch,1,0.0053334832191467285
sdm-emotion2vec,sdm-pitch,2,0.029142260551452637
sdm-emotion2vec,sdm-pitch,3,-0.13046622276306152
sdm-emotion2vec,sdm-pitch,4,-0.47064030170440674
sdm-emotion2vec,sdm-pitch,5,-0.3260589838027954
sdm-emotion2vec,sdm-pitch,6,-0.10440826416015625
sdm-emotion2vec,sdm-pitch,7,-0.1473255157470703
sdm-emotion2vec,sdm-pitch,8,-0.21541368961334229
sdm-emotion2vec,sdm-pitch,9,-0.37045490741729736
sdm-emotion2vec,sdm-pitch,10,-0.19115543365478516
sdm-emotion2vec,sdm-pitch,11,-0.13765394687652588
sdm-emotion2vec,sdm-pitch,12,-0.23482513427734375
sdm-emotion2vec,sdm-pitch,13,-0.26668500900268555
sdm-emotion2vec,sdm-pitch,14,-0.40050244331359863
sdm-emotion2vec,sdm-pitch,15,-0.46000003814697266
sdm-emotion2vec,sdm-pitch,16,-0.7421289682388306
sdm-emotion2vec,sdm-pitch,17,-0.7088607549667358
sdm-emotion2vec,sdm-pitch,18,-0.5798078775405884
sdm-emotion2vec,sdm-pitch,19,-0.561725378036499
sdm-emotion2vec,sdm-pitch,20,-0.5250414609909058
sdm-emotion2vec,sdm-pitch,21,-0.3551645278930664
sdm-emotion2vec,sdm-pitch,22,-0.6493427753448486
sdm-emotion2vec,sdm-pitch,23,-0.7535206079483032
sdm-emotion2vec,sdm-pitch,24,0.43775540590286255
sdm-emotion2vec,sdm-speaking-rate,0,1.0
sdm-emotion2vec,sdm-speaking-rate,1,1.0
sdm-emotion2vec,sdm-speaking-rate,2,1.0
sdm-emotion2vec,sdm-speaking-rate,3,1.0
sdm-emotion2vec,sdm-speaking-rate,4,1.0
sdm-emotion2vec,sdm-speaking-rate,5,1.0
sdm-emotion2vec,sdm-speaking-rate,6,1.0
sdm-emotion2vec,sdm-speaking-rate,7,1.0
sdm-emotion2vec,sdm-speaking-rate,8,1.0
sdm-emotion2vec,sdm-speaking-rate,9,1.0
sdm-emotion2vec,sdm-speaking-rate,10,1.0
sdm-emotion2vec,sdm-speaking-rate,11,1.0
sdm-emotion2vec,sdm-speaking-rate,12,1.0
sdm-emotion2vec,sdm-speaking-rate,13,1.0
sdm-emotion2vec,sdm-speaking-rate,14,1.0
sdm-emotion2vec,sdm-speaking-rate,15,1.0
sdm-emotion2vec,sdm-speaking-rate,16,1.0
sdm-emotion2vec,sdm-speaking-rate,17,1.0
sdm-emotion2vec,sdm-speaking-rate,18,1.0
sdm-emotion2vec,sdm-speaking-rate,19,1.0
sdm-emotion2vec,sdm-speaking-rate,20,1.0
sdm-emotion2vec,sdm-speaking-rate,21,1.0
sdm-emotion2vec,sdm-speaking-rate,22,1.0
sdm-emotion2vec,sdm-speaking-rate,23,1.0
sdm-emotion2vec,sdm-speaking-rate,24,1.0
sdm-emotion2vec,sdm-mwhisper,0,-0.10047932714223862
sdm-emotion2vec,sdm-mwhisper,1,-0.3325340449810028
sdm-emotion2vec,sdm-mwhisper,2,-0.3903942406177521
sdm-emotion2vec,sdm-mwhisper,3,-0.4482254087924957
sdm-emotion2vec,sdm-mwhisper,4,-0.5281379222869873
sdm-emotion2vec,sdm-mwhisper,5,-0.6347723603248596
sdm-emotion2vec,sdm-mwhisper,6,-0.5803484320640564
sdm-emotion2vec,sdm-mwhisper,7,-0.5159979462623596
sdm-emotion2vec,sdm-mwhisper,8,-0.5000880360603333
sdm-emotion2vec,sdm-mwhisper,9,-0.421966552734375
sdm-emotion2vec,sdm-mwhisper,10,-0.394293874502182
sdm-emotion2vec,sdm-mwhisper,11,-0.36228737235069275
sdm-emotion2vec,sdm-mwhisper,12,-0.37946224212646484
sdm-emotion2vec,sdm-mwhisper,13,-0.3526798188686371
sdm-emotion2vec,sdm-mwhisper,14,-0.3865595757961273
sdm-emotion2vec,sdm-mwhisper,15,-0.39572572708129883
sdm-emotion2vec,sdm-mwhisper,16,-0.429943710565567
sdm-emotion2vec,sdm-mwhisper,17,-0.4640154540538788
sdm-emotion2vec,sdm-mwhisper,18,-0.5611326098442078
sdm-emotion2vec,sdm-mwhisper,19,-0.6272132396697998
sdm-emotion2vec,sdm-mwhisper,20,-0.6561872959136963
sdm-emotion2vec,sdm-mwhisper,21,-0.7938749194145203
sdm-emotion2vec,sdm-mwhisper,22,-0.8832008242607117
sdm-emotion2vec,sdm-mwhisper,23,-1.0446478128433228
sdm-emotion2vec,sdm-mwhisper,24,0.15436917543411255
sdm-emotion2vec,sdm-w2v2-asr,0,0.03982245922088623
sdm-emotion2vec,sdm-w2v2-asr,1,-0.1606496125459671
sdm-emotion2vec,sdm-w2v2-asr,2,-0.21692439913749695
sdm-emotion2vec,sdm-w2v2-asr,3,-0.21630436182022095
sdm-emotion2vec,sdm-w2v2-asr,4,-0.22274042665958405
sdm-emotion2vec,sdm-w2v2-asr,5,-0.32750439643859863
sdm-emotion2vec,sdm-w2v2-asr,6,-0.32036083936691284
sdm-emotion2vec,sdm-w2v2-asr,7,-0.23611783981323242
sdm-emotion2vec,sdm-w2v2-asr,8,-0.23022682964801788
sdm-emotion2vec,sdm-w2v2-asr,9,-0.20797812938690186
sdm-emotion2vec,sdm-w2v2-asr,10,-0.23787900805473328
sdm-emotion2vec,sdm-w2v2-asr,11,-0.18327292799949646
sdm-emotion2vec,sdm-w2v2-asr,12,-0.2285068780183792
sdm-emotion2vec,sdm-w2v2-asr,13,-0.2135225236415863
sdm-emotion2vec,sdm-w2v2-asr,14,-0.17346447706222534
sdm-emotion2vec,sdm-w2v2-asr,15,-0.21841341257095337
sdm-emotion2vec,sdm-w2v2-asr,16,-0.2386210858821869
sdm-emotion2vec,sdm-w2v2-asr,17,-0.26056531071662903
sdm-emotion2vec,sdm-w2v2-asr,18,-0.3355850577354431
sdm-emotion2vec,sdm-w2v2-asr,19,-0.3237524926662445
sdm-emotion2vec,sdm-w2v2-asr,20,-0.35846471786499023
sdm-emotion2vec,sdm-w2v2-asr,21,-0.4256094992160797
sdm-emotion2vec,sdm-w2v2-asr,22,-0.4911162853240967
sdm-emotion2vec,sdm-w2v2-asr,23,-0.6498847007751465
sdm-emotion2vec,sdm-w2v2-asr,24,0.26100024580955505
sdm-emotion2vec,sdm-emotion2vec,0,-0.20404954254627228
sdm-emotion2vec,sdm-emotion2vec,1,-0.4480324685573578
sdm-emotion2vec,sdm-emotion2vec,2,-0.5113847255706787
sdm-emotion2vec,sdm-emotion2vec,3,-0.5805038809776306
sdm-emotion2vec,sdm-emotion2vec,4,-0.6491414904594421
sdm-emotion2vec,sdm-emotion2vec,5,-0.7688281536102295
sdm-emotion2vec,sdm-emotion2vec,6,-0.7250393033027649
sdm-emotion2vec,sdm-emotion2vec,7,-0.6663651466369629
sdm-emotion2vec,sdm-emotion2vec,8,-0.650793731212616
sdm-emotion2vec,sdm-emotion2vec,9,-0.6035966277122498
sdm-emotion2vec,sdm-emotion2vec,10,-0.5625506043434143
sdm-emotion2vec,sdm-emotion2vec,11,-0.5165390968322754
sdm-emotion2vec,sdm-emotion2vec,12,-0.5752466320991516
sdm-emotion2vec,sdm-emotion2vec,13,-0.5250687599182129
sdm-emotion2vec,sdm-emotion2vec,14,-0.5358613133430481
sdm-emotion2vec,sdm-emotion2vec,15,-0.524097740650177
sdm-emotion2vec,sdm-emotion2vec,16,-0.5571485757827759
sdm-emotion2vec,sdm-emotion2vec,17,-0.6290246844291687
sdm-emotion2vec,sdm-emotion2vec,18,-0.7169291377067566
sdm-emotion2vec,sdm-emotion2vec,19,-0.8134995102882385
sdm-emotion2vec,sdm-emotion2vec,20,-0.8465281128883362
sdm-emotion2vec,sdm-emotion2vec,21,-0.9506542086601257
sdm-emotion2vec,sdm-emotion2vec,22,-1.0957717895507812
sdm-emotion2vec,sdm-emotion2vec,23,-1.2517348527908325
sdm-emotion2vec,sdm-emotion2vec,24,0.0947655662894249
